73,57,0.154
58,57,0.703
0,57,0.517
116,57,0.161
38,57,0.449
20,57,0.33
24,57,0.23
69,57,0.46
114,57,0.244
54,57,0.426
85,57,0.512
66,57,0.822
115,57,0.162
42,57,0.695
9,57,0.838
83,57,0.343
113,57,0.562
3,57,0.307
88,57,0.287
56,57,0.33
102,57,0.355
110,57,0.4
12,57,0.69
96,57,0.195
62,57,0.71
26,57,0.394
120,57,0.15
8,57,0.862
28,57,0.723
21,57,0.345
2,57,0.446
41,57,0.257
55,57,0.209
25,57,0.698
93,57,0.704
50,57,0.566
95,57,0.529
59,57,0.874
107,57,0.945
33,57,0.945
29,57,0.624
103,57,0.398
105,57,0.175
23,57,0.879
71,57,0.155
70,57,0.519
117,57,0.292
94,57,0.432
19,57,0.636
101,57,0.22
6,57,0.235
106,57,0.416
65,57,0.194
4,57,0.34
39,57,0.188
52,57,0.54
1,57,0.645
45,57,0.272
104,57,0.393
84,57,0.209
36,57,0.236
27,57,0.236
13,57,0.209
118,57,0.31
51,57,0.292
108,57,0.577
18,57,0.156
89,57,0.394
61,57,0.728
60,57,0.958
11,57,0.431
17,57,0.473
16,57,0.849
73,83,0.3
58,83,0.281
119,83,0.449
99,83,0.355
97,83,0.358
78,83,0.2
0,83,0.598
98,83,0.314
87,83,0.296
116,83,0.769
38,83,0.501
20,83,0.271
24,83,0.532
92,83,0.31
69,83,0.339
114,83,0.152
54,83,0.513
85,83,0.461
66,83,0.154
44,83,0.232
115,83,0.557
123,83,0.152
9,83,0.298
57,83,0.343
113,83,0.964
3,83,0.218
88,83,0.761
56,83,0.762
122,83,0.275
102,83,0.194
110,83,0.276
12,83,0.505
96,83,0.521
62,83,0.354
120,83,0.228
8,83,0.17
28,83,0.34
21,83,0.714
2,83,0.3
41,83,0.439
80,83,0.286
55,83,0.838
25,83,0.664
93,83,0.384
50,83,0.967
95,83,0.574
59,83,0.23
107,83,0.217
33,83,0.217
29,83,0.773
103,83,0.274
105,83,0.316
121,83,0.319
23,83,0.614
70,83,0.399
117,83,0.319
94,83,0.547
19,83,0.801
101,83,0.955
4,83,0.23
39,83,0.329
52,83,0.218
1,83,0.272
45,83,0.26
76,83,0.164
104,83,0.166
18,83,0.15
89,83,0.303
109,83,0.224
11,83,0.208
91,83,0.175
86,83,0.464
73,98,0.3
58,98,0.218
99,98,0.709
97,98,0.29
78,98,0.214
116,98,0.156
92,98,0.307
69,98,0.262
114,98,0.841
66,98,0.154
115,98,0.793
81,98,0.264
9,98,0.27
83,98,0.314
113,98,0.328
3,98,0.233
88,98,0.194
56,98,0.151
122,98,0.347
102,98,0.295
110,98,0.361
96,98,0.991
62,98,0.178
26,98,0.255
120,98,0.223
8,98,0.308
15,98,0.394
21,98,0.235
2,98,0.327
80,98,0.352
55,98,0.475
25,98,0.491
93,98,0.305
50,98,0.39
59,98,0.211
107,98,0.333
33,98,0.333
29,98,0.259
103,98,0.937
105,98,0.299
121,98,0.403
23,98,0.296
100,98,0.694
70,98,0.429
111,98,0.21
117,98,0.242
94,98,0.262
19,98,0.255
101,98,0.274
6,98,0.295
4,98,0.224
52,98,0.156
104,98,0.26
36,98,0.178
27,98,0.178
18,98,0.152
89,98,0.601
112,98,0.778
30,98,0.421
91,98,0.322
90,98,0.326
73,101,0.172
58,101,0.234
119,101,0.284
99,101,0.551
97,101,0.325
78,101,0.269
0,101,0.3
98,101,0.274
116,101,0.747
38,101,0.334
24,101,0.157
79,101,0.151
92,101,0.237
69,101,0.188
114,101,0.216
54,101,0.299
85,101,0.369
115,101,0.326
123,101,0.257
9,101,0.293
83,101,0.955
57,101,0.22
113,101,0.76
88,101,0.35
56,101,0.512
122,101,0.171
102,101,0.199
110,101,0.28
12,101,0.172
96,101,0.688
26,101,0.291
120,101,0.153
8,101,0.218
28,101,0.208
21,101,0.325
41,101,0.152
80,101,0.238
55,101,0.914
25,101,0.405
93,101,0.925
50,101,0.905
95,101,0.356
59,101,0.213
107,101,0.908
33,101,0.908
29,101,0.973
103,101,0.311
105,101,0.92
121,101,0.316
23,101,0.964
71,101,0.189
100,101,0.175
70,101,0.953
117,101,0.22
94,101,0.962
19,101,0.965
39,101,0.243
52,101,0.494
45,101,0.441
86,101,0.406
34,101,0.218
73,59,0.15
58,59,0.991
119,59,0.291
78,59,0.291
0,59,0.46
98,59,0.211
87,59,0.22
38,59,0.388
20,59,0.207
24,59,0.173
79,59,0.195
69,59,0.973
114,59,0.292
54,59,0.422
85,59,0.269
66,59,0.607
44,59,0.218
115,59,0.408
81,59,0.227
123,59,0.191
42,59,0.984
9,59,0.419
83,59,0.23
57,59,0.874
113,59,0.411
3,59,0.543
88,59,0.212
56,59,0.386
122,59,0.585
102,59,0.41
110,59,0.973
12,59,0.274
96,59,0.435
62,59,0.932
26,59,0.368
120,59,0.17
8,59,0.374
15,59,0.32
28,59,0.445
21,59,0.506
2,59,0.548
41,59,0.207
80,59,0.284
55,59,0.224
25,59,0.585
93,59,0.688
50,59,0.528
95,59,0.646
107,59,0.833
33,59,0.833
29,59,0.364
103,59,0.287
105,59,0.204
23,59,0.357
71,59,0.322
70,59,0.45
117,59,0.16
94,59,0.333
19,59,0.367
101,59,0.213
6,59,0.355
106,59,0.368
65,59,0.208
4,59,0.48
39,59,0.171
52,59,0.827
1,59,0.505
45,59,0.196
76,59,0.154
104,59,0.464
84,59,0.234
36,59,0.298
27,59,0.298
37,59,0.172
13,59,0.188
118,59,0.172
67,59,0.21
51,59,0.151
75,59,0.216
35,59,0.342
14,59,0.313
108,59,0.17
7,59,0.272
18,59,0.294
77,59,0.179
112,59,0.151
61,59,0.595
60,59,0.859
30,59,0.21
53,59,0.292
11,59,0.426
46,59,0.283
63,59,0.688
16,59,0.7
86,59,0.636
68,59,0.553
64,59,0.192
74,59,0.259
40,59,0.274
73,58,0.314
119,58,0.341
78,58,0.273
98,58,0.218
87,58,0.157
38,58,0.461
20,58,0.27
24,58,0.151
79,58,0.151
69,58,0.971
114,58,0.179
85,58,0.241
66,58,0.516
44,58,0.182
115,58,0.357
81,58,0.177
123,58,0.172
42,58,0.98
9,58,0.346
83,58,0.281
57,58,0.703
113,58,0.65
3,58,0.736
88,58,0.183
56,58,0.271
122,58,0.474
102,58,0.731
110,58,0.991
12,58,0.38
96,58,0.258
62,58,0.91
26,58,0.377
120,58,0.216
8,58,0.604
15,58,0.7
28,58,0.544
21,58,0.388
2,58,0.525
41,58,0.155
80,58,0.298
55,58,0.273
25,58,0.514
93,58,0.674
50,58,0.433
95,58,0.526
59,58,0.991
107,58,0.388
33,58,0.388
29,58,0.481
103,58,0.348
105,58,0.258
23,58,0.153
71,58,0.427
100,58,0.272
70,58,0.631
94,58,0.372
19,58,0.312
101,58,0.234
6,58,0.65
106,58,0.386
65,58,0.352
4,58,0.741
39,58,0.156
52,58,0.592
1,58,0.687
45,58,0.274
76,58,0.176
104,58,0.416
84,58,0.492
36,58,0.529
27,58,0.529
37,58,0.493
13,58,0.359
67,58,0.219
75,58,0.33
35,58,0.668
14,58,0.723
7,58,0.655
18,58,0.26
61,58,0.153
60,58,0.3
30,58,0.378
109,58,0.257
53,58,0.153
11,58,0.546
46,58,0.554
63,58,0.741
16,58,0.242
91,58,0.287
72,58,0.298
90,58,0.349
68,58,0.344
64,58,0.155
74,58,0.38
5,58,0.274
40,58,0.234
47,58,0.369
48,58,0.351
73,56,0.157
58,56,0.271
119,56,0.218
78,56,0.329
0,56,0.934
98,56,0.151
87,56,0.921
116,56,0.15
38,56,0.386
24,56,0.458
79,56,0.311
92,56,0.232
69,56,0.394
114,56,0.227
54,56,0.901
85,56,0.229
66,56,0.386
115,56,0.566
9,56,0.214
83,56,0.762
57,56,0.33
113,56,0.432
88,56,0.299
122,56,0.308
102,56,0.156
110,56,0.216
12,56,0.3
96,56,0.375
62,56,0.479
8,56,0.157
28,56,0.506
21,56,0.396
2,56,0.23
80,56,0.388
55,56,0.157
25,56,0.388
93,56,0.287
50,56,0.574
95,56,0.512
59,56,0.386
107,56,0.453
33,56,0.453
29,56,0.568
103,56,0.255
121,56,0.268
23,56,0.538
71,56,0.191
70,56,0.553
117,56,0.412
94,56,0.39
19,56,0.342
101,56,0.512
52,56,0.769
1,56,0.153
118,56,0.182
108,56,0.215
82,56,0.155
22,56,0.529
60,56,0.413
31,56,0.57
30,56,0.154
53,56,0.398
17,56,0.21
86,56,0.176
34,56,0.188
73,89,0.409
99,89,0.174
97,89,0.194
0,89,0.293
98,89,0.601
87,89,0.32
24,89,0.216
114,89,0.981
54,89,0.518
66,89,0.15
115,89,0.842
83,89,0.303
57,89,0.394
122,89,0.273
12,89,0.151
96,89,0.336
62,89,0.171
120,89,0.198
21,89,0.173
2,89,0.272
55,89,0.213
25,89,0.896
50,89,0.21
95,89,0.239
107,89,0.617
33,89,0.617
121,89,0.222
23,89,0.156
111,89,0.466
94,89,0.33
106,89,0.255
52,89,0.566
76,89,0.166
112,89,0.908
73,70,0.447
58,70,0.631
99,70,0.156
97,70,0.211
78,70,0.256
0,70,0.298
98,70,0.429
87,70,0.272
38,70,0.231
20,70,0.42
24,70,0.713
92,70,0.261
69,70,0.274
114,70,0.318
54,70,0.591
85,70,0.864
66,70,0.457
115,70,0.238
123,70,0.188
42,70,0.459
9,70,0.722
83,70,0.399
57,70,0.519
113,70,0.23
3,70,0.969
88,70,0.25
56,70,0.553
122,70,0.498
102,70,0.875
110,70,0.648
12,70,0.417
96,70,0.851
62,70,0.736
26,70,0.999
120,70,0.291
8,70,0.993
15,70,0.963
28,70,0.745
21,70,0.93
2,70,0.797
41,70,0.271
80,70,0.235
55,70,0.151
25,70,0.447
93,70,0.979
50,70,0.379
95,70,0.499
59,70,0.45
107,70,0.943
33,70,0.943
29,70,0.999
103,70,0.973
105,70,0.99
121,70,0.598
23,70,0.996
71,70,0.999
100,70,0.372
117,70,0.965
94,70,0.986
19,70,0.997
101,70,0.953
6,70,0.746
106,70,0.646
65,70,0.652
4,70,0.742
39,70,0.269
52,70,0.535
1,70,0.522
45,70,0.437
76,70,0.918
104,70,0.414
84,70,0.633
36,70,0.836
27,70,0.836
37,70,0.41
13,70,0.26
75,70,0.807
35,70,0.909
14,70,0.87
108,70,0.281
7,70,0.761
22,70,0.328
60,70,0.237
31,70,0.177
30,70,0.924
109,70,0.395
53,70,0.284
11,70,0.854
46,70,0.683
17,70,0.196
91,70,0.909
72,70,0.773
90,70,0.655
64,70,0.156
74,70,0.825
5,70,0.329
34,70,0.461
47,70,0.185
48,70,0.405
73,95,0.48
58,95,0.526
119,95,0.199
97,95,0.269
78,95,0.208
0,95,0.415
87,95,0.152
38,95,0.401
20,95,0.151
24,95,0.355
69,95,0.623
54,95,0.522
85,95,0.371
66,95,0.53
115,95,0.314
123,95,0.151
83,95,0.574
57,95,0.529
113,95,0.31
3,95,0.272
88,95,0.35
56,95,0.512
122,95,0.167
102,95,0.23
110,95,0.36
12,95,0.341
96,95,0.225
62,95,0.451
26,95,0.347
8,95,0.347
15,95,0.615
28,95,0.327
21,95,0.634
2,95,0.273
41,95,0.343
80,95,0.231
25,95,0.597
93,95,0.978
50,95,0.449
59,95,0.646
107,95,0.524
33,95,0.524
29,95,0.684
103,95,0.393
105,95,0.366
23,95,0.685
71,95,0.208
70,95,0.499
117,95,0.284
94,95,0.957
19,95,0.566
101,95,0.356
6,95,0.215
106,95,0.172
4,95,0.727
39,95,0.227
52,95,0.648
1,95,0.274
76,95,0.211
104,95,0.248
36,95,0.157
27,95,0.157
37,95,0.175
14,95,0.15
18,95,0.328
89,95,0.239
61,95,0.207
60,95,0.356
30,95,0.15
109,95,0.195
53,95,0.228
11,95,0.306
46,95,0.174
16,95,0.344
64,95,0.15
74,95,0.155
40,95,0.194
34,95,0.152
73,25,0.837
58,25,0.514
99,25,0.378
97,25,0.347
78,25,0.406
0,25,0.558
98,25,0.491
87,25,0.505
38,25,0.23
20,25,0.271
24,25,0.634
79,25,0.284
92,25,0.156
69,25,0.657
114,25,0.735
54,25,0.729
85,25,0.402
66,25,0.33
44,25,0.21
115,25,0.31
81,25,0.318
123,25,0.388
42,25,0.319
9,25,0.214
83,25,0.664
57,25,0.698
113,25,0.272
3,25,0.351
88,25,0.475
56,25,0.388
122,25,0.173
102,25,0.274
110,25,0.437
12,25,0.341
96,25,0.299
62,25,0.321
26,25,0.236
120,25,0.315
8,25,0.335
15,25,0.171
28,25,0.575
21,25,0.587
2,25,0.566
41,25,0.273
80,25,0.476
55,25,0.409
93,25,0.626
50,25,0.555
95,25,0.597
59,25,0.585
107,25,0.941
33,25,0.941
29,25,0.739
103,25,0.284
105,25,0.212
121,25,0.22
23,25,0.56
71,25,0.151
70,25,0.447
111,25,0.238
117,25,0.35
94,25,0.744
19,25,0.688
101,25,0.405
6,25,0.193
106,25,0.356
4,25,0.422
52,25,0.854
1,25,0.622
45,25,0.387
76,25,0.323
104,25,0.37
84,25,0.325
36,25,0.213
27,25,0.213
37,25,0.151
51,25,0.855
75,25,0.152
35,25,0.175
108,25,0.21
7,25,0.234
18,25,0.36
82,25,0.179
89,25,0.896
77,25,0.209
112,25,0.512
22,25,0.384
61,25,0.597
60,25,0.69
31,25,0.357
30,25,0.157
53,25,0.215
11,25,0.258
46,25,0.193
17,25,0.18
16,25,0.66
86,25,0.509
72,25,0.167
74,25,0.452
40,25,0.258
10,25,0.176
73,110,0.209
58,110,0.991
119,110,0.153
78,110,0.151
98,110,0.361
38,110,0.171
20,110,0.23
92,110,0.182
69,110,0.933
114,110,0.309
85,110,0.316
66,110,0.593
115,110,0.27
42,110,0.957
9,110,0.478
83,110,0.276
57,110,0.4
113,110,0.427
3,110,0.775
56,110,0.216
122,110,0.587
102,110,0.733
12,110,0.219
96,110,0.465
62,110,0.886
26,110,0.495
120,110,0.192
8,110,0.472
15,110,0.753
28,110,0.433
21,110,0.394
2,110,0.52
80,110,0.291
55,110,0.28
25,110,0.437
93,110,0.44
50,110,0.427
95,110,0.36
59,110,0.973
107,110,0.257
33,110,0.257
29,110,0.494
103,110,0.334
105,110,0.435
121,110,0.337
23,110,0.258
71,110,0.509
70,110,0.648
111,110,0.404
117,110,0.29
94,110,0.278
19,110,0.346
101,110,0.28
6,110,0.737
106,110,0.36
65,110,0.452
4,110,0.6
52,110,0.33
1,110,0.727
45,110,0.752
76,110,0.163
104,110,0.271
84,110,0.467
36,110,0.574
27,110,0.574
37,110,0.505
13,110,0.26
75,110,0.457
35,110,0.832
14,110,0.893
7,110,0.806
112,110,0.276
60,110,0.272
30,110,0.55
109,110,0.243
11,110,0.33
46,110,0.473
63,110,0.761
91,110,0.312
72,110,0.33
68,110,0.469
64,110,0.26
74,110,0.324
5,110,0.177
47,110,0.28
48,110,0.33
73,44,0.446
58,44,0.182
69,44,0.205
81,44,0.152
123,44,0.605
83,44,0.232
88,44,0.17
102,44,0.371
96,44,0.15
21,44,0.422
2,44,0.15
25,44,0.21
93,44,0.166
59,44,0.218
107,44,0.388
33,44,0.388
19,44,0.221
6,44,0.282
75,44,0.169
18,44,0.196
72,44,0.415
40,44,0.15
73,19,0.369
58,19,0.312
99,19,0.494
97,19,0.333
78,19,0.371
0,19,0.394
98,19,0.255
87,19,0.176
116,19,0.265
38,19,0.381
20,19,0.395
24,19,0.592
79,19,0.235
92,19,0.219
69,19,0.185
54,19,0.653
85,19,0.685
66,19,0.349
44,19,0.221
81,19,0.24
123,19,0.324
42,19,0.192
9,19,0.577
83,19,0.801
57,19,0.636
113,19,0.365
3,19,0.741
88,19,0.637
56,19,0.342
122,19,0.437
102,19,0.461
110,19,0.346
12,19,0.487
96,19,0.678
62,19,0.531
26,19,0.694
120,19,0.299
8,19,0.736
15,19,0.65
28,19,0.676
21,19,0.575
2,19,0.46
41,19,0.281
80,19,0.473
55,19,0.52
25,19,0.688
93,19,0.973
50,19,0.534
95,19,0.566
59,19,0.367
107,19,0.949
33,19,0.949
29,19,0.997
103,19,0.985
105,19,0.95
121,19,0.495
23,19,0.984
71,19,0.619
70,19,0.997
117,19,0.998
94,19,0.99
101,19,0.965
6,19,0.318
106,19,0.313
65,19,0.525
4,19,0.41
39,19,0.196
52,19,0.287
1,19,0.376
45,19,0.23
76,19,0.298
104,19,0.271
84,19,0.23
36,19,0.284
27,19,0.284
37,19,0.204
13,19,0.154
67,19,0.328
75,19,0.249
35,19,0.432
14,19,0.491
108,19,0.88
7,19,0.369
18,19,0.15
82,19,0.174
77,19,0.176
22,19,0.179
61,19,0.154
60,19,0.414
31,19,0.153
30,19,0.363
109,19,0.833
11,19,0.413
46,19,0.301
17,19,0.388
16,19,0.208
91,19,0.348
72,19,0.201
74,19,0.218
32,19,0.157
48,19,0.44
73,94,0.264
58,94,0.372
119,94,0.226
99,94,0.305
97,94,0.282
78,94,0.209
0,94,0.437
98,94,0.262
24,94,0.488
79,94,0.173
92,94,0.154
69,94,0.341
114,94,0.333
54,94,0.525
85,94,0.445
66,94,0.281
115,94,0.55
81,94,0.27
9,94,0.341
83,94,0.547
57,94,0.432
113,94,0.27
3,94,0.396
88,94,0.698
56,94,0.39
122,94,0.544
102,94,0.272
110,94,0.278
96,94,0.378
62,94,0.406
26,94,0.451
120,94,0.936
8,94,0.638
15,94,0.174
28,94,0.473
21,94,0.264
2,94,0.285
80,94,0.437
55,94,0.153
25,94,0.744
93,94,0.995
50,94,0.566
95,94,0.957
59,94,0.333
107,94,0.925
33,94,0.925
29,94,0.989
103,94,0.504
105,94,0.956
121,94,0.962
23,94,0.967
71,94,0.527
70,94,0.986
111,94,0.991
117,94,0.517
19,94,0.99
101,94,0.962
6,94,0.15
106,94,0.17
65,94,0.219
4,94,0.208
52,94,0.512
1,94,0.288
75,94,0.258
108,94,0.217
82,94,0.153
89,94,0.33
112,94,0.217
22,94,0.326
61,94,0.23
60,94,0.258
30,94,0.206
11,94,0.299
91,94,0.215
90,94,0.176
73,29,0.362
58,29,0.481
99,29,0.218
97,29,0.169
78,29,0.208
0,29,0.461
98,29,0.259
87,29,0.424
38,29,0.236
20,29,0.451
24,29,0.931
92,29,0.209
69,29,0.309
54,29,0.796
85,29,0.796
66,29,0.53
115,29,0.188
123,29,0.216
42,29,0.311
9,29,0.605
83,29,0.773
57,29,0.624
113,29,0.348
3,29,0.765
88,29,0.577
56,29,0.568
122,29,0.401
102,29,0.878
110,29,0.494
12,29,0.451
96,29,0.744
62,29,0.619
26,29,0.953
120,29,0.177
8,29,0.962
15,29,0.62
28,29,0.965
21,29,0.948
2,29,0.561
41,29,0.332
80,29,0.294
55,29,0.257
25,29,0.739
93,29,0.979
50,29,0.483
95,29,0.684
59,29,0.364
107,29,0.933
33,29,0.933
103,29,0.875
105,29,0.987
121,29,0.495
23,29,0.999
71,29,0.99
100,29,0.363
70,29,0.999
117,29,0.96
94,29,0.989
19,29,0.997
101,29,0.973
6,29,0.816
106,29,0.445
65,29,0.33
4,29,0.867
52,29,0.503
1,29,0.695
45,29,0.544
76,29,0.495
104,29,0.257
84,29,0.679
36,29,0.723
27,29,0.723
37,29,0.456
13,29,0.314
51,29,0.337
75,29,0.32
35,29,0.489
14,29,0.457
108,29,0.476
7,29,0.473
22,29,0.706
60,29,0.255
31,29,0.521
30,29,0.593
109,29,0.349
11,29,0.955
46,29,0.554
17,29,0.388
91,29,0.735
72,29,0.369
90,29,0.504
74,29,0.503
5,29,0.526
32,29,0.421
34,29,0.657
47,29,0.23
48,29,0.151
73,2,0.913
58,2,0.525
99,2,0.27
0,2,0.401
98,2,0.327
38,2,0.383
20,2,0.858
24,2,0.388
69,2,0.567
54,2,0.231
85,2,0.3
66,2,0.262
44,2,0.15
123,2,0.177
42,2,0.342
9,2,0.385
83,2,0.3
57,2,0.446
113,2,0.205
3,2,0.969
56,2,0.23
122,2,0.156
102,2,0.601
110,2,0.52
12,2,0.553
96,2,0.268
62,2,0.917
26,2,0.767
8,2,0.489
15,2,0.912
28,2,0.401
21,2,0.324
41,2,0.209
25,2,0.566
93,2,0.564
50,2,0.272
95,2,0.273
59,2,0.548
107,2,0.388
33,2,0.388
29,2,0.561
103,2,0.487
105,2,0.232
121,2,0.153
23,2,0.387
71,2,0.509
70,2,0.797
117,2,0.243
94,2,0.285
19,2,0.46
6,2,0.356
106,2,0.33
65,2,0.155
4,2,0.853
39,2,0.32
52,2,0.208
1,2,0.761
45,2,0.261
76,2,0.54
104,2,0.208
84,2,0.507
36,2,0.343
27,2,0.343
37,2,0.384
13,2,0.388
67,2,0.388
51,2,0.155
75,2,0.273
35,2,0.841
14,2,0.848
108,2,0.151
7,2,0.747
89,2,0.272
60,2,0.298
30,2,0.389
109,2,0.179
11,2,0.739
46,2,0.299
63,2,0.152
16,2,0.195
72,2,0.868
90,2,0.151
68,2,0.744
64,2,0.217
74,2,0.855
5,2,0.31
32,2,0.193
47,2,0.319
48,2,0.48
73,26,0.172
58,26,0.377
98,26,0.255
38,26,0.198
20,26,0.294
24,26,0.457
69,26,0.449
54,26,0.273
85,26,0.639
66,26,0.321
42,26,0.366
9,26,0.703
57,26,0.394
113,26,0.155
3,26,0.937
102,26,0.888
110,26,0.495
12,26,0.38
96,26,0.382
62,26,0.809
8,26,0.993
15,26,0.839
28,26,0.638
21,26,0.15
2,26,0.767
41,26,0.172
25,26,0.236
93,26,0.902
50,26,0.257
95,26,0.347
59,26,0.368
107,26,0.314
33,26,0.314
29,26,0.953
103,26,0.946
105,26,0.405
121,26,0.236
23,26,0.683
71,26,0.869
70,26,0.999
117,26,0.357
94,26,0.451
19,26,0.694
101,26,0.291
6,26,0.801
106,26,0.793
65,26,0.358
4,26,0.821
39,26,0.188
1,26,0.695
76,26,0.177
104,26,0.376
84,26,0.528
36,26,0.631
27,26,0.631
37,26,0.468
13,26,0.465
67,26,0.286
75,26,0.58
35,26,0.674
14,26,0.669
7,26,0.447
30,26,0.657
11,26,0.907
46,26,0.451
91,26,0.857
72,26,0.453
90,26,0.924
68,26,0.208
64,26,0.171
74,26,0.657
5,26,0.475
34,26,0.238
47,26,0.43
73,102,0.22
58,102,0.731
78,102,0.311
98,102,0.295
87,102,0.151
38,102,0.271
20,102,0.237
24,102,0.396
79,102,0.259
69,102,0.274
85,102,0.421
66,102,0.365
44,102,0.371
115,102,0.171
123,102,0.15
42,102,0.652
9,102,0.478
83,102,0.194
57,102,0.355
113,102,0.435
3,102,0.74
88,102,0.172
56,102,0.156
122,102,0.376
110,102,0.733
12,102,0.394
96,102,0.495
62,102,0.644
26,102,0.888
8,102,0.918
15,102,0.761
28,102,0.649
21,102,0.482
2,102,0.601
41,102,0.172
80,102,0.298
55,102,0.284
25,102,0.274
93,102,0.438
50,102,0.343
95,102,0.23
59,102,0.41
107,102,0.81
33,102,0.81
29,102,0.878
103,102,0.6
105,102,0.545
121,102,0.264
23,102,0.441
71,102,0.423
70,102,0.875
117,102,0.282
94,102,0.272
19,102,0.461
101,102,0.199
6,102,0.992
106,102,0.698
65,102,0.415
4,102,0.96
39,102,0.157
52,102,0.27
1,102,0.899
45,102,0.361
76,102,0.204
104,102,0.544
84,102,0.968
36,102,0.955
27,102,0.955
37,102,0.89
13,102,0.697
75,102,0.41
35,102,0.761
14,102,0.883
7,102,0.669
18,102,0.257
22,102,0.175
61,102,0.175
30,102,0.403
109,102,0.218
11,102,0.975
46,102,0.837
63,102,0.181
91,102,0.513
72,102,0.33
90,102,0.32
68,102,0.217
64,102,0.195
74,102,0.411
5,102,0.846
40,102,0.208
34,102,0.176
47,102,0.616
48,102,0.282
73,3,0.779
58,3,0.736
98,3,0.233
38,3,0.154
20,3,0.684
24,3,0.621
69,3,0.36
114,3,0.153
54,3,0.193
85,3,0.692
66,3,0.479
123,3,0.211
42,3,0.509
9,3,0.581
83,3,0.218
57,3,0.307
113,3,0.151
88,3,0.207
102,3,0.74
110,3,0.775
12,3,0.583
96,3,0.334
62,3,0.821
26,3,0.937
8,3,0.858
15,3,0.988
28,3,0.714
21,3,0.298
2,3,0.969
41,3,0.157
80,3,0.154
55,3,0.15
25,3,0.351
93,3,0.45
50,3,0.193
95,3,0.272
59,3,0.543
107,3,0.35
33,3,0.35
29,3,0.765
103,3,0.684
105,3,0.435
121,3,0.278
23,3,0.409
71,3,0.853
70,3,0.969
117,3,0.217
94,3,0.396
19,3,0.741
6,3,0.529
106,3,0.413
65,3,0.59
4,3,0.78
52,3,0.32
1,3,0.749
76,3,0.793
104,3,0.572
84,3,0.644
36,3,0.618
27,3,0.618
37,3,0.672
13,3,0.489
51,3,0.172
75,3,0.648
35,3,0.981
14,3,0.979
108,3,0.154
7,3,0.89
18,3,0.354
61,3,0.28
30,3,0.911
109,3,0.389
11,3,0.813
46,3,0.649
91,3,0.555
72,3,0.936
90,3,0.181
68,3,0.259
64,3,0.272
74,3,0.934
5,3,0.33
40,3,0.272
47,3,0.392
48,3,0.732
49,3,0.201
73,117,0.153
99,117,0.294
97,117,0.194
78,117,0.275
0,117,0.604
98,117,0.242
24,117,0.233
79,117,0.35
92,117,0.151
69,117,0.375
114,117,0.198
54,117,0.683
85,117,0.293
115,117,0.272
81,117,0.351
9,117,0.384
83,117,0.319
57,117,0.292
3,117,0.217
56,117,0.412
122,117,0.923
102,117,0.282
110,117,0.29
96,117,0.469
62,117,0.238
26,117,0.357
120,117,0.421
8,117,0.382
21,117,0.925
2,117,0.243
80,117,0.31
25,117,0.35
93,117,0.334
50,117,0.172
95,117,0.284
59,117,0.16
107,117,0.936
33,117,0.936
29,117,0.96
103,117,0.762
105,117,0.17
121,117,0.936
23,117,0.942
71,117,0.285
100,117,0.15
70,117,0.965
111,117,0.53
94,117,0.517
19,117,0.998
101,117,0.22
6,117,0.191
65,117,0.271
4,117,0.183
1,117,0.15
75,117,0.151
35,117,0.217
108,117,0.466
82,117,0.153
77,117,0.153
112,117,0.22
60,117,0.265
109,117,0.643
53,117,0.233
11,117,0.22
48,117,0.357
73,23,0.259
58,23,0.153
97,23,0.155
78,23,0.17
0,23,0.498
98,23,0.296
87,23,0.23
38,23,0.388
20,23,0.405
24,23,0.795
92,23,0.15
69,23,0.181
54,23,0.65
85,23,0.591
66,23,0.657
115,23,0.269
9,23,0.577
83,23,0.614
57,23,0.879
113,23,0.471
3,23,0.409
88,23,0.298
56,23,0.538
122,23,0.386
102,23,0.441
110,23,0.258
12,23,0.532
96,23,0.582
62,23,0.528
26,23,0.683
120,23,0.173
8,23,0.764
15,23,0.352
28,23,0.884
21,23,0.937
2,23,0.387
41,23,0.359
80,23,0.232
55,23,0.295
25,23,0.56
93,23,0.974
50,23,0.758
95,23,0.685
59,23,0.357
107,23,0.936
33,23,0.936
29,23,0.999
103,23,0.717
105,23,0.958
121,23,0.403
71,23,0.753
100,23,0.244
70,23,0.996
117,23,0.942
94,23,0.967
19,23,0.984
101,23,0.964
6,23,0.517
106,23,0.209
4,23,0.286
39,23,0.172
52,23,0.412
1,23,0.273
45,23,0.478
76,23,0.274
84,23,0.151
36,23,0.209
27,23,0.209
118,23,0.214
35,23,0.152
14,23,0.154
108,23,0.479
89,23,0.156
22,23,0.31
60,23,0.462
31,23,0.326
30,23,0.362
11,23,0.64
46,23,0.174
17,23,0.412
16,23,0.155
91,23,0.348
90,23,0.426
74,23,0.165
32,23,0.447
34,23,0.36
73,107,0.341
58,107,0.388
97,107,0.23
78,107,0.208
0,107,0.725
98,107,0.333
87,107,0.364
38,107,0.394
20,107,0.192
24,107,0.319
69,107,0.582
114,107,0.497
54,107,0.577
85,107,0.155
66,107,0.3
44,107,0.388
115,107,0.266
81,107,0.175
123,107,0.371
42,107,0.511
9,107,0.157
83,107,0.217
57,107,0.945
113,107,0.22
3,107,0.35
88,107,0.476
56,107,0.453
122,107,0.418
102,107,0.81
110,107,0.257
12,107,0.272
96,107,0.197
62,107,0.631
26,107,0.314
8,107,0.449
15,107,0.176
28,107,0.17
21,107,0.723
2,107,0.388
41,107,0.214
80,107,0.215
25,107,0.941
93,107,0.96
50,107,0.453
95,107,0.524
59,107,0.833
29,107,0.933
103,107,0.392
105,107,0.9
121,107,0.233
23,107,0.936
71,107,0.174
70,107,0.943
117,107,0.936
94,107,0.925
19,107,0.949
101,107,0.908
6,107,0.677
106,107,0.391
65,107,0.157
4,107,0.502
39,107,0.196
52,107,0.862
1,107,0.465
76,107,0.172
104,107,0.651
84,107,0.217
36,107,0.235
27,107,0.235
37,107,0.153
13,107,0.176
67,107,0.428
51,107,0.456
75,107,0.216
35,107,0.215
14,107,0.152
7,107,0.15
18,107,0.725
89,107,0.617
112,107,0.349
22,107,0.344
61,107,0.924
60,107,0.975
31,107,0.211
43,107,0.178
109,107,0.177
53,107,0.296
11,107,0.299
17,107,0.226
16,107,0.962
74,107,0.4
32,107,0.211
40,107,0.681
48,107,0.292
73,33,0.341
58,33,0.388
97,33,0.23
78,33,0.208
0,33,0.725
98,33,0.333
87,33,0.364
38,33,0.394
20,33,0.192
24,33,0.319
69,33,0.582
114,33,0.497
54,33,0.577
85,33,0.155
66,33,0.3
44,33,0.388
115,33,0.266
81,33,0.175
123,33,0.371
42,33,0.511
9,33,0.157
83,33,0.217
57,33,0.945
113,33,0.22
3,33,0.35
88,33,0.476
56,33,0.453
122,33,0.418
102,33,0.81
110,33,0.257
12,33,0.272
96,33,0.197
62,33,0.631
26,33,0.314
8,33,0.449
15,33,0.176
28,33,0.17
21,33,0.723
2,33,0.388
41,33,0.214
80,33,0.215
25,33,0.941
93,33,0.96
50,33,0.453
95,33,0.524
59,33,0.833
29,33,0.933
103,33,0.392
105,33,0.9
121,33,0.233
23,33,0.936
71,33,0.174
70,33,0.943
117,33,0.936
94,33,0.925
19,33,0.949
101,33,0.908
6,33,0.677
106,33,0.391
65,33,0.157
4,33,0.502
39,33,0.196
52,33,0.862
1,33,0.465
76,33,0.172
104,33,0.651
84,33,0.217
36,33,0.235
27,33,0.235
37,33,0.153
13,33,0.176
67,33,0.428
51,33,0.456
75,33,0.216
35,33,0.215
14,33,0.152
7,33,0.15
18,33,0.725
89,33,0.617
112,33,0.349
22,33,0.344
61,33,0.924
60,33,0.975
31,33,0.211
43,33,0.178
109,33,0.177
53,33,0.296
11,33,0.299
17,33,0.226
16,33,0.962
74,33,0.4
32,33,0.211
40,33,0.681
48,33,0.292
73,46,0.195
58,46,0.554
20,46,0.17
24,46,0.396
69,46,0.265
85,46,0.365
66,46,0.647
42,46,0.351
113,46,0.263
3,46,0.649
102,46,0.837
110,46,0.473
12,46,0.356
96,46,0.211
62,46,0.9
26,46,0.451
8,46,0.487
15,46,0.576
28,46,0.615
21,46,0.156
2,46,0.299
25,46,0.193
93,46,0.394
95,46,0.174
59,46,0.283
29,46,0.554
103,46,0.376
105,46,0.23
23,46,0.174
71,46,0.394
70,46,0.683
19,46,0.301
6,46,0.71
106,46,0.298
65,46,0.218
4,46,0.808
1,46,0.598
45,46,0.541
76,46,0.188
104,46,0.368
84,46,0.654
36,46,0.662
27,46,0.662
37,46,0.789
13,46,0.385
67,46,0.296
75,46,0.426
35,46,0.637
14,46,0.51
7,46,0.468
18,46,0.172
30,46,0.353
11,46,0.594
63,46,0.172
91,46,0.283
72,46,0.209
68,46,0.323
64,46,0.594
74,46,0.344
5,46,0.344
47,46,0.268
73,93,0.385
58,93,0.674
99,93,0.32
97,93,0.367
78,93,0.172
0,93,0.32
98,93,0.305
87,93,0.15
116,93,0.151
38,93,0.31
20,93,0.23
24,93,0.274
92,93,0.15
69,93,0.523
114,93,0.152
54,93,0.45
85,93,0.427
66,93,0.756
44,93,0.166
115,93,0.296
81,93,0.17
123,93,0.262
42,93,0.321
9,93,0.424
83,93,0.384
57,93,0.704
113,93,0.669
3,93,0.45
88,93,0.32
56,93,0.287
122,93,0.475
102,93,0.438
110,93,0.44
12,93,0.343
96,93,0.554
62,93,0.821
26,93,0.902
120,93,0.23
8,93,0.834
15,93,0.513
28,93,0.436
21,93,0.394
2,93,0.564
41,93,0.29
80,93,0.298
55,93,0.155
25,93,0.626
50,93,0.695
95,93,0.978
59,93,0.688
107,93,0.96
33,93,0.96
29,93,0.979
103,93,0.939
105,93,0.976
121,93,0.239
23,93,0.974
71,93,0.528
100,93,0.219
70,93,0.979
111,93,0.24
117,93,0.334
94,93,0.995
19,93,0.973
101,93,0.925
6,93,0.299
106,93,0.4
65,93,0.23
4,93,0.615
39,93,0.16
52,93,0.485
1,93,0.385
45,93,0.577
76,93,0.209
104,93,0.754
84,93,0.346
36,93,0.297
27,93,0.297
37,93,0.273
13,93,0.195
67,93,0.154
75,93,0.38
35,93,0.273
14,93,0.258
108,93,0.293
7,93,0.214
18,93,0.153
60,93,0.513
30,93,0.306
109,93,0.287
11,93,0.379
46,93,0.394
91,93,0.375
90,93,0.517
68,93,0.413
64,93,0.195
74,93,0.234
34,93,0.173
73,11,0.284
58,11,0.546
20,11,0.395
24,11,0.702
69,11,0.21
54,11,0.353
85,11,0.325
66,11,0.301
123,11,0.151
42,11,0.442
9,11,0.299
83,11,0.208
57,11,0.431
113,11,0.153
3,11,0.813
102,11,0.975
110,11,0.33
12,11,0.341
96,11,0.216
62,11,0.556
26,11,0.907
8,11,0.955
15,11,0.559
28,11,0.795
21,11,0.23
2,11,0.739
41,11,0.196
25,11,0.258
93,11,0.379
95,11,0.306
59,11,0.426
107,11,0.299
33,11,0.299
29,11,0.955
103,11,0.363
105,11,0.356
23,11,0.64
71,11,0.53
70,11,0.854
117,11,0.22
94,11,0.299
19,11,0.413
6,11,0.942
106,11,0.627
65,11,0.231
4,11,0.998
52,11,0.318
1,11,0.953
76,11,0.4
104,11,0.329
84,11,0.982
36,11,0.848
27,11,0.848
37,11,0.824
13,11,0.887
75,11,0.597
35,11,0.57
14,11,0.478
7,11,0.326
18,11,0.151
61,11,0.21
60,11,0.9
30,11,0.641
109,11,0.315
46,11,0.594
91,11,0.525
72,11,0.323
90,11,0.384
64,11,0.172
74,11,0.544
5,11,0.903
40,11,0.152
47,11,0.794
73,0,0.284
99,0,0.292
97,0,0.191
87,0,0.832
24,0,0.443
69,0,0.29
114,0,0.238
54,0,0.961
42,0,0.454
9,0,0.15
83,0,0.598
57,0,0.517
113,0,0.31
88,0,0.343
56,0,0.934
28,0,0.354
21,0,0.438
2,0,0.401
25,0,0.558
93,0,0.32
50,0,0.216
95,0,0.415
59,0,0.46
107,0,0.725
33,0,0.725
29,0,0.461
103,0,0.256
121,0,0.209
23,0,0.498
70,0,0.298
117,0,0.604
94,0,0.437
19,0,0.394
101,0,0.3
4,0,0.15
52,0,0.21
51,0,0.293
89,0,0.293
61,0,0.391
60,0,0.443
31,0,0.22
16,0,0.391
74,0,0.154
73,62,0.452
58,62,0.91
98,62,0.178
38,62,0.47
20,62,0.526
24,62,0.273
69,62,0.943
114,62,0.244
85,62,0.64
66,62,0.936
115,62,0.175
123,62,0.188
42,62,0.587
9,62,0.868
83,62,0.354
57,62,0.71
113,62,0.477
3,62,0.821
88,62,0.165
56,62,0.479
122,62,0.171
102,62,0.644
110,62,0.886
12,62,0.661
96,62,0.309
26,62,0.809
8,62,0.714
15,62,0.586
28,62,0.692
21,62,0.476
2,62,0.917
41,62,0.23
80,62,0.169
55,62,0.153
25,62,0.321
93,62,0.821
50,62,0.386
95,62,0.451
59,62,0.932
107,62,0.631
33,62,0.631
29,62,0.619
103,62,0.532
105,62,0.506
121,62,0.245
23,62,0.528
71,62,0.298
70,62,0.736
117,62,0.238
94,62,0.406
19,62,0.531
6,62,0.467
106,62,0.679
65,62,0.332
4,62,0.791
39,62,0.189
52,62,0.388
1,62,0.708
45,62,0.169
76,62,0.409
104,62,0.395
84,62,0.466
36,62,0.566
27,62,0.566
37,62,0.552
13,62,0.388
118,62,0.15
67,62,0.615
75,62,0.238
35,62,0.403
14,62,0.571
108,62,0.358
7,62,0.358
18,62,0.209
89,62,0.171
60,62,0.261
30,62,0.249
109,62,0.151
53,62,0.208
11,62,0.556
46,62,0.9
63,62,0.744
17,62,0.671
16,62,0.207
91,62,0.157
72,62,0.3
68,62,0.909
64,62,0.924
74,62,0.361
5,62,0.292
40,62,0.171
47,62,0.218
48,62,0.478
73,99,0.176
97,99,0.931
0,99,0.292
98,99,0.709
114,99,0.274
54,99,0.206
83,99,0.355
88,99,0.23
122,99,0.341
96,99,0.948
2,99,0.27
80,99,0.416
55,99,0.304
25,99,0.378
93,99,0.32
50,99,0.173
29,99,0.218
105,99,0.171
121,99,0.177
100,99,0.641
70,99,0.156
117,99,0.294
94,99,0.305
19,99,0.494
101,99,0.551
89,99,0.174
112,99,0.322
73,1,0.401
58,1,0.687
97,1,0.19
78,1,0.178
116,1,0.155
38,1,0.2
20,1,0.467
24,1,0.397
79,1,0.151
69,1,0.463
114,1,0.217
85,1,0.375
66,1,0.31
115,1,0.151
123,1,0.299
42,1,0.58
9,1,0.45
83,1,0.272
57,1,0.645
113,1,0.533
3,1,0.749
88,1,0.157
56,1,0.153
122,1,0.15
102,1,0.899
110,1,0.727
12,1,0.457
96,1,0.252
62,1,0.708
26,1,0.695
8,1,0.552
15,1,0.611
28,1,0.576
21,1,0.297
2,1,0.761
41,1,0.217
80,1,0.157
55,1,0.218
25,1,0.622
93,1,0.385
50,1,0.518
95,1,0.274
59,1,0.505
107,1,0.465
33,1,0.465
29,1,0.695
103,1,0.316
105,1,0.387
23,1,0.273
71,1,0.29
70,1,0.522
117,1,0.15
94,1,0.288
19,1,0.376
6,1,0.809
106,1,0.52
65,1,0.371
4,1,0.945
52,1,0.343
45,1,0.574
76,1,0.27
104,1,0.594
84,1,0.931
36,1,0.867
27,1,0.867
37,1,0.796
13,1,0.889
67,1,0.173
75,1,0.329
35,1,0.616
14,1,0.602
108,1,0.296
7,1,0.505
18,1,0.163
61,1,0.627
31,1,0.176
30,1,0.23
109,1,0.173
11,1,0.953
46,1,0.598
63,1,0.157
16,1,0.218
91,1,0.292
72,1,0.468
90,1,0.384
68,1,0.298
64,1,0.386
74,1,0.343
5,1,0.885
40,1,0.174
34,1,0.151
47,1,0.838
48,1,0.257
73,15,0.53
58,15,0.7
98,15,0.394
20,15,0.463
24,15,0.356
69,15,0.366
85,15,0.162
66,15,0.299
42,15,0.63
9,15,0.531
3,15,0.988
122,15,0.151
102,15,0.761
110,15,0.753
12,15,0.23
96,15,0.157
62,15,0.586
26,15,0.839
8,15,0.611
28,15,0.329
21,15,0.242
2,15,0.912
80,15,0.174
55,15,0.15
25,15,0.171
93,15,0.513
50,15,0.193
95,15,0.615
59,15,0.32
107,15,0.176
33,15,0.176
29,15,0.62
103,15,0.691
105,15,0.257
121,15,0.206
23,15,0.352
71,15,0.578
70,15,0.963
94,15,0.174
19,15,0.65
6,15,0.58
106,15,0.298
65,15,0.446
4,15,0.794
52,15,0.151
1,15,0.611
45,15,0.168
76,15,0.311
104,15,0.291
84,15,0.596
36,15,0.787
27,15,0.787
37,15,0.479
13,15,0.546
75,15,0.505
35,15,0.984
14,15,0.989
7,15,0.919
18,15,0.273
60,15,0.167
30,15,0.615
109,15,0.422
11,15,0.559
46,15,0.576
91,15,0.559
72,15,0.887
90,15,0.407
68,15,0.263
64,15,0.286
74,15,0.762
5,15,0.326
40,15,0.151
34,15,0.152
47,15,0.386
48,15,0.505
49,15,0.23
73,14,0.626
58,14,0.723
78,14,0.151
38,14,0.152
20,14,0.388
24,14,0.218
69,14,0.186
85,14,0.151
66,14,0.272
42,14,0.775
9,14,0.348
113,14,0.171
3,14,0.979
122,14,0.185
102,14,0.883
110,14,0.893
12,14,0.452
96,14,0.176
62,14,0.571
26,14,0.669
8,14,0.626
15,14,0.989
28,14,0.299
2,14,0.848
80,14,0.216
55,14,0.195
93,14,0.258
50,14,0.236
95,14,0.15
59,14,0.313
107,14,0.152
33,14,0.152
29,14,0.457
103,14,0.476
105,14,0.274
23,14,0.154
71,14,0.531
70,14,0.87
19,14,0.491
6,14,0.834
106,14,0.272
65,14,0.413
4,14,0.643
52,14,0.176
1,14,0.602
76,14,0.382
104,14,0.203
84,14,0.749
36,14,0.876
27,14,0.876
37,14,0.757
13,14,0.33
75,14,0.479
35,14,0.993
7,14,0.976
30,14,0.388
109,14,0.358
11,14,0.478
46,14,0.51
91,14,0.356
72,14,0.853
90,14,0.218
68,14,0.164
64,14,0.208
74,14,0.606
5,14,0.414
47,14,0.46
48,14,0.529
73,35,0.604
58,35,0.668
78,35,0.157
20,35,0.318
24,35,0.271
69,35,0.21
66,35,0.213
42,35,0.668
9,35,0.377
3,35,0.981
122,35,0.206
102,35,0.761
110,35,0.832
12,35,0.258
96,35,0.202
62,35,0.403
26,35,0.674
8,35,0.594
15,35,0.984
28,35,0.388
21,35,0.165
2,35,0.841
80,35,0.194
55,35,0.215
25,35,0.175
93,35,0.273
50,35,0.151
59,35,0.342
107,35,0.215
33,35,0.215
29,35,0.489
103,35,0.53
105,35,0.295
121,35,0.211
23,35,0.152
71,35,0.557
70,35,0.909
117,35,0.217
19,35,0.432
6,35,0.72
106,35,0.293
65,35,0.47
4,35,0.507
52,35,0.201
1,35,0.616
76,35,0.372
104,35,0.397
84,35,0.586
36,35,0.853
27,35,0.853
37,35,0.592
13,35,0.274
75,35,0.477
14,35,0.993
7,35,0.972
18,35,0.176
61,35,0.332
30,35,0.546
109,35,0.33
11,35,0.57
46,35,0.637
63,35,0.177
91,35,0.312
72,35,0.909
68,35,0.157
64,35,0.178
74,35,0.734
5,35,0.261
47,35,0.272
48,35,0.595
49,35,0.239
73,13,0.258
58,13,0.359
38,13,0.234
20,13,0.655
69,13,0.195
42,13,0.239
57,13,0.209
113,13,0.156
3,13,0.489
102,13,0.697
110,13,0.26
12,13,0.458
62,13,0.388
26,13,0.465
8,13,0.189
15,13,0.546
28,13,0.272
21,13,0.294
2,13,0.388
41,13,0.357
93,13,0.195
50,13,0.195
59,13,0.188
107,13,0.176
33,13,0.176
29,13,0.314
103,13,0.23
105,13,0.208
70,13,0.26
19,13,0.154
6,13,0.599
106,13,0.273
4,13,0.854
52,13,0.151
1,13,0.889
45,13,0.153
104,13,0.21
84,13,0.84
36,13,0.636
27,13,0.636
37,13,0.667
67,13,0.158
35,13,0.274
14,13,0.33
7,13,0.341
18,13,0.299
43,13,0.258
11,13,0.887
46,13,0.385
16,13,0.154
91,13,0.171
72,13,0.21
68,13,0.212
64,13,0.355
74,13,0.259
5,13,0.735
40,13,0.271
47,13,0.844
73,123,0.448
58,123,0.172
119,123,0.274
97,123,0.202
38,123,0.195
114,123,0.393
85,123,0.53
44,123,0.605
115,123,0.208
83,123,0.152
3,123,0.211
88,123,0.17
122,123,0.175
102,123,0.15
12,123,0.298
62,123,0.188
28,123,0.386
21,123,0.173
2,123,0.177
25,123,0.388
93,123,0.262
50,123,0.218
95,123,0.151
59,123,0.191
107,123,0.371
33,123,0.371
29,123,0.216
70,123,0.188
19,123,0.324
101,123,0.257
6,123,0.153
106,123,0.33
52,123,0.326
1,123,0.299
76,123,0.328
108,123,0.208
112,123,0.284
11,123,0.151
73,54,0.388
99,54,0.206
97,54,0.183
0,54,0.961
87,54,0.388
38,54,0.162
24,54,0.422
69,54,0.263
114,54,0.317
85,54,0.265
115,54,0.378
9,54,0.224
83,54,0.513
57,54,0.426
3,54,0.193
88,54,0.494
56,54,0.901
96,54,0.152
26,54,0.273
120,54,0.208
8,54,0.272
28,54,0.209
21,54,0.323
2,54,0.231
25,54,0.729
93,54,0.45
50,54,0.225
95,54,0.522
59,54,0.422
107,54,0.577
33,54,0.577
29,54,0.796
103,54,0.279
105,54,0.199
121,54,0.237
23,54,0.65
70,54,0.591
117,54,0.683
94,54,0.525
19,54,0.653
101,54,0.299
4,54,0.273
52,54,0.98
51,54,0.298
89,54,0.518
60,54,0.274
53,54,0.819
11,54,0.353
16,54,0.273
73,20,0.649
58,20,0.27
38,20,0.594
69,20,0.328
85,20,0.217
66,20,0.505
42,20,0.175
9,20,0.273
83,20,0.271
57,20,0.33
113,20,0.208
3,20,0.684
102,20,0.237
110,20,0.23
12,20,0.903
62,20,0.526
26,20,0.294
8,20,0.189
15,20,0.463
28,20,0.21
21,20,0.789
2,20,0.858
41,20,0.907
25,20,0.271
93,20,0.23
50,20,0.216
95,20,0.151
59,20,0.207
107,20,0.192
33,20,0.192
29,20,0.451
105,20,0.352
23,20,0.405
70,20,0.42
19,20,0.395
6,20,0.217
106,20,0.164
4,20,0.579
39,20,0.409
52,20,0.15
1,20,0.467
45,20,0.19
76,20,0.261
104,20,0.168
84,20,0.258
36,20,0.213
27,20,0.213
13,20,0.655
67,20,0.155
75,20,0.163
35,20,0.318
14,20,0.388
108,20,0.208
7,20,0.34
18,20,0.651
30,20,0.154
43,20,0.351
11,20,0.395
46,20,0.17
17,20,0.209
72,20,0.637
68,20,0.259
64,20,0.153
74,20,0.284
40,20,0.77
34,20,0.155
47,20,0.155
48,20,0.31
73,12,0.359
58,12,0.38
119,12,0.178
97,12,0.207
38,12,0.732
20,12,0.903
24,12,0.219
69,12,0.35
114,12,0.474
85,12,0.6
66,12,0.561
115,12,0.258
123,12,0.298
42,12,0.154
9,12,0.374
83,12,0.505
57,12,0.69
113,12,0.409
3,12,0.583
88,12,0.21
56,12,0.3
102,12,0.394
110,12,0.219
62,12,0.661
26,12,0.38
8,12,0.572
15,12,0.23
28,12,0.293
21,12,0.884
2,12,0.553
41,12,0.888
25,12,0.341
93,12,0.343
50,12,0.358
95,12,0.341
59,12,0.274
107,12,0.272
33,12,0.272
29,12,0.451
103,12,0.273
105,12,0.334
23,12,0.532
71,12,0.243
70,12,0.417
19,12,0.487
101,12,0.172
6,12,0.272
106,12,0.399
65,12,0.197
4,12,0.343
39,12,0.435
52,12,0.198
1,12,0.457
45,12,0.153
76,12,0.461
104,12,0.916
84,12,0.209
36,12,0.257
27,12,0.257
37,12,0.313
13,12,0.458
67,12,0.295
75,12,0.216
35,12,0.258
14,12,0.452
108,12,0.218
7,12,0.274
18,12,0.743
89,12,0.151
112,12,0.316
60,12,0.173
43,12,0.563
11,12,0.341
46,12,0.356
72,12,0.152
68,12,0.358
64,12,0.393
74,12,0.171
5,12,0.155
40,12,0.755
47,12,0.152
48,12,0.209
73,30,0.276
58,30,0.378
97,30,0.193
98,30,0.421
87,30,0.282
20,30,0.154
24,30,0.173
92,30,0.206
85,30,0.588
66,30,0.164
42,30,0.246
3,30,0.911
56,30,0.154
102,30,0.403
110,30,0.55
96,30,0.699
62,30,0.249
26,30,0.657
8,30,0.671
15,30,0.615
28,30,0.472
21,30,0.262
2,30,0.389
25,30,0.157
93,30,0.306
50,30,0.15
95,30,0.15
59,30,0.21
29,30,0.593
103,30,0.328
105,30,0.37
23,30,0.362
71,30,0.91
100,30,0.173
70,30,0.924
94,30,0.206
19,30,0.363
6,30,0.238
106,30,0.423
65,30,0.417
4,30,0.261
1,30,0.23
45,30,0.562
76,30,0.783
84,30,0.23
36,30,0.259
27,30,0.259
37,30,0.469
75,30,0.907
35,30,0.546
14,30,0.388
7,30,0.342
11,30,0.641
46,30,0.353
91,30,0.744
72,30,0.386
74,30,0.73
48,30,0.552
73,48,0.203
58,48,0.351
20,48,0.31
69,48,0.154
66,48,0.178
42,48,0.154
3,48,0.732
102,48,0.282
110,48,0.33
12,48,0.209
62,48,0.478
15,48,0.505
2,48,0.48
107,48,0.292
33,48,0.292
29,48,0.151
71,48,0.595
70,48,0.405
117,48,0.357
19,48,0.44
6,48,0.257
65,48,0.406
4,48,0.218
1,48,0.257
104,48,0.153
84,48,0.274
36,48,0.272
27,48,0.272
37,48,0.19
75,48,0.625
35,48,0.595
14,48,0.529
7,48,0.502
30,48,0.552
43,48,0.178
109,48,0.21
17,48,0.178
91,48,0.533
72,48,0.384
68,48,0.177
74,48,0.373
5,48,0.175
73,7,0.453
58,7,0.655
78,7,0.154
20,7,0.34
24,7,0.333
69,7,0.15
66,7,0.209
42,7,0.786
9,7,0.178
3,7,0.89
102,7,0.669
110,7,0.806
12,7,0.274
62,7,0.358
26,7,0.447
8,7,0.461
15,7,0.919
28,7,0.299
2,7,0.747
80,7,0.184
55,7,0.151
25,7,0.234
93,7,0.214
50,7,0.151
59,7,0.272
107,7,0.15
33,7,0.15
29,7,0.473
103,7,0.3
105,7,0.291
71,7,0.508
70,7,0.761
19,7,0.369
6,7,0.661
106,7,0.274
65,7,0.598
4,7,0.458
52,7,0.151
1,7,0.505
76,7,0.23
104,7,0.172
84,7,0.573
36,7,0.732
27,7,0.732
37,7,0.65
13,7,0.341
75,7,0.656
35,7,0.972
14,7,0.976
30,7,0.342
109,7,0.175
11,7,0.326
46,7,0.468
91,7,0.342
72,7,0.763
64,7,0.218
74,7,0.597
5,7,0.234
34,7,0.217
47,7,0.31
48,7,0.502
73,74,0.77
58,74,0.38
0,74,0.154
20,74,0.284
24,74,0.299
69,74,0.151
85,74,0.463
42,74,0.235
3,74,0.934
102,74,0.411
110,74,0.324
12,74,0.171
96,74,0.172
62,74,0.361
26,74,0.657
8,74,0.387
15,74,0.762
28,74,0.525
21,74,0.173
2,74,0.855
25,74,0.452
93,74,0.234
95,74,0.155
59,74,0.259
107,74,0.4
33,74,0.4
29,74,0.503
103,74,0.277
23,74,0.165
71,74,0.607
70,74,0.825
19,74,0.218
6,74,0.382
65,74,0.251
4,74,0.437
1,74,0.343
76,74,0.633
84,74,0.645
36,74,0.291
27,74,0.291
37,74,0.272
13,74,0.259
51,74,0.318
75,74,0.39
35,74,0.734
14,74,0.606
7,74,0.597
18,74,0.548
30,74,0.73
11,74,0.544
46,74,0.344
16,74,0.158
91,74,0.251
72,74,0.786
5,74,0.172
40,74,0.456
48,74,0.373
73,36,0.178
58,36,0.529
78,36,0.394
98,36,0.178
116,36,0.155
38,36,0.156
20,36,0.213
24,36,0.343
85,36,0.194
66,36,0.208
42,36,0.575
9,36,0.348
57,36,0.236
113,36,0.271
3,36,0.618
122,36,0.32
102,36,0.955
110,36,0.574
12,36,0.257
96,36,0.291
62,36,0.566
26,36,0.631
8,36,0.736
15,36,0.787
28,36,0.388
21,36,0.175
2,36,0.343
41,36,0.156
80,36,0.174
55,36,0.213
25,36,0.213
93,36,0.297
50,36,0.297
95,36,0.157
59,36,0.298
107,36,0.235
33,36,0.235
29,36,0.723
103,36,0.295
105,36,0.345
23,36,0.209
71,36,0.473
70,36,0.836
19,36,0.284
6,36,0.948
106,36,0.434
65,36,0.588
4,36,0.845
52,36,0.227
1,36,0.867
45,36,0.172
76,36,0.155
104,36,0.385
84,36,0.917
37,36,0.891
13,36,0.636
75,36,0.385
35,36,0.853
14,36,0.876
7,36,0.732
82,36,0.235
61,36,0.151
30,36,0.259
43,36,0.218
109,36,0.172
11,36,0.848
46,36,0.662
91,36,0.388
72,36,0.23
90,36,0.218
68,36,0.202
64,36,0.204
74,36,0.291
5,36,0.814
34,36,0.164
47,36,0.621
48,36,0.272
73,27,0.178
58,27,0.529
78,27,0.394
98,27,0.178
116,27,0.155
38,27,0.156
20,27,0.213
24,27,0.343
85,27,0.194
66,27,0.208
42,27,0.575
9,27,0.348
57,27,0.236
113,27,0.271
3,27,0.618
122,27,0.32
102,27,0.955
110,27,0.574
12,27,0.257
96,27,0.291
62,27,0.566
26,27,0.631
8,27,0.736
15,27,0.787
28,27,0.388
21,27,0.175
2,27,0.343
41,27,0.156
80,27,0.174
55,27,0.213
25,27,0.213
93,27,0.297
50,27,0.297
95,27,0.157
59,27,0.298
107,27,0.235
33,27,0.235
29,27,0.723
103,27,0.295
105,27,0.345
23,27,0.209
71,27,0.473
70,27,0.836
19,27,0.284
6,27,0.948
106,27,0.434
65,27,0.588
4,27,0.845
52,27,0.227
1,27,0.867
45,27,0.172
76,27,0.155
104,27,0.385
84,27,0.917
37,27,0.891
13,27,0.636
75,27,0.385
35,27,0.853
14,27,0.876
7,27,0.732
82,27,0.235
61,27,0.151
30,27,0.259
43,27,0.218
109,27,0.172
11,27,0.848
46,27,0.662
91,27,0.388
72,27,0.23
90,27,0.218
68,27,0.202
64,27,0.204
74,27,0.291
5,27,0.814
34,27,0.164
47,27,0.621
48,27,0.272
73,4,0.532
58,4,0.741
0,4,0.15
98,4,0.224
38,4,0.202
20,4,0.579
24,4,0.467
69,4,0.441
54,4,0.273
85,4,0.33
66,4,0.218
42,4,0.583
9,4,0.35
83,4,0.23
57,4,0.34
113,4,0.209
3,4,0.78
102,4,0.96
110,4,0.6
12,4,0.343
96,4,0.273
62,4,0.791
26,4,0.821
8,4,0.837
15,4,0.794
28,4,0.639
21,4,0.391
2,4,0.853
41,4,0.271
80,4,0.198
55,4,0.172
25,4,0.422
93,4,0.615
50,4,0.29
95,4,0.727
59,4,0.48
107,4,0.502
33,4,0.502
29,4,0.867
103,4,0.33
105,4,0.404
23,4,0.286
71,4,0.299
70,4,0.742
117,4,0.183
94,4,0.208
19,4,0.41
6,4,0.919
106,4,0.445
65,4,0.26
52,4,0.208
1,4,0.945
45,4,0.153
104,4,0.296
84,4,0.967
36,4,0.845
27,4,0.845
37,4,0.829
13,4,0.854
67,4,0.233
51,4,0.152
75,4,0.33
35,4,0.507
14,4,0.643
7,4,0.458
18,4,0.152
61,4,0.23
60,4,0.937
30,4,0.261
109,4,0.274
11,4,0.998
46,4,0.808
16,4,0.26
91,4,0.388
72,4,0.531
90,4,0.384
68,4,0.281
64,4,0.218
74,4,0.437
5,4,0.927
40,4,0.238
47,4,0.827
48,4,0.218
73,64,0.155
58,64,0.155
20,64,0.153
69,64,0.655
66,64,0.852
3,64,0.272
102,64,0.195
110,64,0.26
12,64,0.393
62,64,0.924
26,64,0.171
8,64,0.173
15,64,0.286
21,64,0.152
2,64,0.217
93,64,0.195
95,64,0.15
59,64,0.192
105,64,0.18
70,64,0.156
6,64,0.176
4,64,0.218
52,64,0.154
1,64,0.386
84,64,0.157
36,64,0.204
27,64,0.204
37,64,0.476
13,64,0.355
67,64,0.348
35,64,0.178
14,64,0.208
7,64,0.218
11,64,0.172
46,64,0.594
63,64,0.742
72,64,0.201
68,64,0.834
47,64,0.156
73,76,0.268
58,76,0.176
38,76,0.404
20,76,0.261
24,76,0.41
85,76,0.425
123,76,0.328
83,76,0.164
113,76,0.151
3,76,0.793
102,76,0.204
110,76,0.163
12,76,0.461
96,76,0.154
62,76,0.409
26,76,0.177
8,76,0.171
15,76,0.311
28,76,0.3
21,76,0.344
2,76,0.54
41,76,0.15
25,76,0.323
93,76,0.209
50,76,0.157
95,76,0.211
59,76,0.154
107,76,0.172
33,76,0.172
29,76,0.495
103,76,0.153
23,76,0.274
71,76,0.562
70,76,0.918
19,76,0.298
6,76,0.175
39,76,0.202
52,76,0.209
1,76,0.27
45,76,0.3
36,76,0.155
27,76,0.155
75,76,0.274
35,76,0.372
14,76,0.382
108,76,0.23
7,76,0.23
18,76,0.21
89,76,0.166
30,76,0.783
11,76,0.4
46,76,0.188
91,76,0.196
72,76,0.459
74,76,0.633
40,76,0.155
34,76,0.26
73,72,0.844
58,72,0.298
20,72,0.637
24,72,0.154
85,72,0.209
44,72,0.415
42,72,0.191
3,72,0.936
102,72,0.33
110,72,0.33
12,72,0.152
62,72,0.3
26,72,0.453
8,72,0.388
15,72,0.887
28,72,0.292
2,72,0.868
25,72,0.167
29,72,0.369
103,72,0.196
71,72,0.37
70,72,0.773
19,72,0.201
6,72,0.234
106,72,0.15
4,72,0.531
1,72,0.468
76,72,0.459
84,72,0.424
36,72,0.23
27,72,0.23
37,72,0.271
13,72,0.21
75,72,0.272
35,72,0.909
14,72,0.853
7,72,0.763
18,72,0.218
30,72,0.386
11,72,0.323
46,72,0.209
91,72,0.271
64,72,0.201
74,72,0.786
5,72,0.297
47,72,0.175
48,72,0.384
73,47,0.162
58,47,0.369
38,47,0.209
20,47,0.155
42,47,0.311
3,47,0.392
102,47,0.616
110,47,0.28
12,47,0.152
62,47,0.218
26,47,0.43
8,47,0.291
15,47,0.386
21,47,0.326
2,47,0.319
29,47,0.23
70,47,0.185
6,47,0.601
106,47,0.178
4,47,0.827
1,47,0.838
104,47,0.172
84,47,0.804
36,47,0.621
27,47,0.621
37,47,0.667
13,47,0.844
35,47,0.272
14,47,0.46
7,47,0.31
11,47,0.794
46,47,0.268
72,47,0.175
90,47,0.384
64,47,0.156
5,47,0.831
73,84,0.309
58,84,0.492
20,84,0.258
24,84,0.209
69,84,0.176
85,84,0.266
42,84,0.463
57,84,0.209
113,84,0.154
3,84,0.644
102,84,0.968
110,84,0.467
12,84,0.209
62,84,0.466
26,84,0.528
8,84,0.554
15,84,0.596
28,84,0.463
2,84,0.507
55,84,0.151
25,84,0.325
93,84,0.346
59,84,0.234
107,84,0.217
33,84,0.217
29,84,0.679
103,84,0.196
105,84,0.314
23,84,0.151
71,84,0.177
70,84,0.633
19,84,0.23
6,84,0.906
106,84,0.271
65,84,0.272
4,84,0.967
1,84,0.931
104,84,0.266
36,84,0.917
27,84,0.917
37,84,0.8
13,84,0.84
75,84,0.299
35,84,0.586
14,84,0.749
7,84,0.573
30,84,0.23
11,84,0.982
46,84,0.654
91,84,0.326
72,84,0.424
90,84,0.218
68,84,0.217
64,84,0.157
74,84,0.645
5,84,0.854
47,84,0.804
48,84,0.274
73,51,0.386
0,51,0.293
54,51,0.298
81,51,0.19
57,51,0.292
3,51,0.172
88,51,0.154
2,51,0.155
25,51,0.855
59,51,0.151
107,51,0.456
33,51,0.456
29,51,0.337
4,51,0.152
52,51,0.171
18,51,0.36
22,51,0.151
61,51,0.274
60,51,0.298
16,51,0.41
74,51,0.318
40,51,0.274
58,50,0.433
119,50,0.389
99,50,0.173
97,50,0.401
78,50,0.716
0,50,0.216
98,50,0.39
87,50,0.411
116,50,0.904
38,50,0.529
20,50,0.216
24,50,0.176
79,50,0.529
92,50,0.386
69,50,0.272
114,50,0.52
54,50,0.225
85,50,0.446
66,50,0.386
115,50,0.498
81,50,0.487
123,50,0.218
42,50,0.309
9,50,0.272
83,50,0.967
57,50,0.566
113,50,0.975
3,50,0.193
88,50,0.324
56,50,0.574
122,50,0.767
102,50,0.343
110,50,0.427
12,50,0.358
96,50,0.72
62,50,0.386
26,50,0.257
120,50,0.401
8,50,0.42
15,50,0.193
28,50,0.325
21,50,0.552
2,50,0.272
41,50,0.297
80,50,0.919
55,50,0.942
25,50,0.555
93,50,0.695
95,50,0.449
59,50,0.528
107,50,0.453
33,50,0.453
29,50,0.483
103,50,0.449
105,50,0.346
121,50,0.41
23,50,0.758
71,50,0.216
70,50,0.379
117,50,0.172
94,50,0.566
19,50,0.534
101,50,0.905
6,50,0.359
106,50,0.257
65,50,0.21
4,50,0.29
39,50,0.481
52,50,0.644
1,50,0.518
45,50,0.572
76,50,0.157
36,50,0.297
27,50,0.297
37,50,0.211
13,50,0.195
118,50,0.19
67,50,0.204
75,50,0.171
35,50,0.151
14,50,0.236
7,50,0.151
18,50,0.152
82,50,0.599
89,50,0.21
77,50,0.33
112,50,0.277
22,50,0.48
61,50,0.274
60,50,0.296
31,50,0.217
30,50,0.15
43,50,0.18
58,55,0.273
119,55,0.342
99,55,0.304
78,55,0.236
98,55,0.475
116,55,0.979
38,55,0.451
79,55,0.152
92,55,0.259
114,55,0.489
115,55,0.387
81,55,0.416
42,55,0.173
9,55,0.208
83,55,0.838
57,55,0.209
113,55,0.942
3,55,0.15
88,55,0.151
56,55,0.157
122,55,0.302
102,55,0.284
110,55,0.28
96,55,0.466
62,55,0.153
15,55,0.15
28,55,0.156
21,55,0.354
80,55,0.431
25,55,0.409
93,55,0.155
50,55,0.942
59,55,0.224
29,55,0.257
103,55,0.349
105,55,0.158
23,55,0.295
70,55,0.151
94,55,0.153
19,55,0.52
101,55,0.914
6,55,0.21
65,55,0.212
4,55,0.172
39,55,0.467
1,55,0.218
84,55,0.151
36,55,0.213
27,55,0.213
35,55,0.215
14,55,0.195
7,55,0.151
82,55,0.218
89,55,0.213
77,55,0.161
112,55,0.431
109,55,0.15
58,113,0.65
119,113,0.385
97,113,0.157
78,113,0.382
0,113,0.31
98,113,0.328
116,113,0.904
38,113,0.571
20,113,0.208
79,113,0.193
92,113,0.346
69,113,0.301
114,113,0.236
85,113,0.319
66,113,0.393
115,113,0.417
42,113,0.284
9,113,0.273
83,113,0.964
57,113,0.562
3,113,0.151
88,113,0.152
56,113,0.432
122,113,0.322
102,113,0.435
110,113,0.427
12,113,0.409
96,113,0.499
62,113,0.477
26,113,0.155
8,113,0.175
28,113,0.303
21,113,0.399
2,113,0.205
41,113,0.296
80,113,0.367
55,113,0.942
25,113,0.272
93,113,0.669
50,113,0.975
95,113,0.31
59,113,0.411
107,113,0.22
33,113,0.22
29,113,0.348
103,113,0.276
105,113,0.182
23,113,0.471
71,113,0.153
100,113,0.234
70,113,0.23
94,113,0.27
19,113,0.365
101,113,0.76
6,113,0.258
106,113,0.269
65,113,0.203
4,113,0.209
39,113,0.3
52,113,0.234
1,113,0.533
45,113,0.352
76,113,0.151
104,113,0.316
84,113,0.154
36,113,0.271
27,113,0.271
37,113,0.209
13,113,0.156
14,113,0.171
18,113,0.302
77,113,0.153
109,113,0.227
11,113,0.153
46,113,0.263
63,113,0.15
58,69,0.971
119,69,0.23
97,69,0.171
78,69,0.256
0,69,0.29
98,69,0.262
87,69,0.403
38,69,0.335
20,69,0.328
24,69,0.239
79,69,0.165
114,69,0.201
54,69,0.263
85,69,0.274
66,69,0.752
44,69,0.205
115,69,0.419
81,69,0.264
42,69,0.932
9,69,0.531
83,69,0.339
57,69,0.46
113,69,0.301
3,69,0.36
56,69,0.394
122,69,0.299
102,69,0.274
110,69,0.933
12,69,0.35
96,69,0.494
62,69,0.943
26,69,0.449
8,69,0.516
15,69,0.366
28,69,0.444
21,69,0.567
2,69,0.567
80,69,0.212
25,69,0.657
93,69,0.523
50,69,0.272
95,69,0.623
59,69,0.973
107,69,0.582
33,69,0.582
29,69,0.309
103,69,0.495
105,69,0.411
121,69,0.262
23,69,0.181
71,69,0.161
100,69,0.184
70,69,0.274
117,69,0.375
94,69,0.341
19,69,0.185
101,69,0.188
6,69,0.218
106,69,0.462
65,69,0.312
4,69,0.441
52,69,0.51
1,69,0.463
45,69,0.152
104,69,0.455
84,69,0.176
37,69,0.15
13,69,0.195
67,69,0.44
75,69,0.158
35,69,0.21
14,69,0.186
7,69,0.15
18,69,0.153
112,69,0.16
60,69,0.362
53,69,0.341
11,69,0.21
46,69,0.265
63,69,0.748
16,69,0.168
68,69,0.62
64,69,0.655
74,69,0.151
40,69,0.157
34,69,0.34
48,69,0.154
58,38,0.461
119,38,0.258
78,38,0.211
87,38,0.153
116,38,0.197
20,38,0.594
24,38,0.172
69,38,0.335
114,38,0.396
54,38,0.162
85,38,0.212
66,38,0.671
115,38,0.257
123,38,0.195
9,38,0.215
83,38,0.501
57,38,0.449
113,38,0.571
3,38,0.154
88,38,0.217
56,38,0.386
122,38,0.166
102,38,0.271
110,38,0.171
12,38,0.732
96,38,0.154
62,38,0.47
26,38,0.198
28,38,0.268
21,38,0.973
2,38,0.383
41,38,0.651
55,38,0.451
25,38,0.23
93,38,0.31
50,38,0.529
95,38,0.401
59,38,0.388
107,38,0.394
33,38,0.394
29,38,0.236
23,38,0.388
70,38,0.231
19,38,0.381
101,38,0.334
6,38,0.214
4,38,0.202
39,38,0.983
52,38,0.373
1,38,0.2
76,38,0.404
36,38,0.156
27,38,0.156
37,38,0.178
13,38,0.234
118,38,0.151
14,38,0.152
108,38,0.505
18,38,0.546
112,38,0.235
60,38,0.439
43,38,0.184
17,38,0.151
40,38,0.227
47,38,0.209
58,119,0.341
97,119,0.222
78,119,0.162
116,119,0.216
38,119,0.258
69,119,0.23
115,119,0.901
123,119,0.274
42,119,0.156
83,119,0.449
113,119,0.385
56,119,0.218
122,119,0.468
110,119,0.153
12,119,0.178
96,119,0.15
21,119,0.177
80,119,0.325
55,119,0.342
50,119,0.389
95,119,0.199
59,119,0.291
94,119,0.226
101,119,0.284
60,119,0.218
43,119,0.203
58,114,0.179
99,114,0.274
97,114,0.369
78,114,0.208
0,114,0.238
98,114,0.841
87,114,0.255
38,114,0.396
69,114,0.201
114,114,0.331
114,114,0.331
54,114,0.317
66,114,0.261
115,114,0.782
81,114,0.248
123,114,0.393
9,114,0.176
83,114,0.152
57,114,0.244
113,114,0.236
3,114,0.153
56,114,0.227
122,114,0.563
110,114,0.309
12,114,0.474
96,114,0.658
62,114,0.244
120,114,0.375
8,114,0.173
21,114,0.389
41,114,0.157
80,114,0.351
55,114,0.489
25,114,0.735
93,114,0.152
50,114,0.52
59,114,0.292
107,114,0.497
33,114,0.497
105,114,0.314
121,114,0.272
70,114,0.318
111,114,0.479
117,114,0.198
94,114,0.333
101,114,0.216
106,114,0.188
65,114,0.159
52,114,0.467
1,114,0.217
82,114,0.173
89,114,0.981
77,114,0.234
112,114,0.996
22,114,0.15
58,96,0.258
119,96,0.15
99,96,0.948
97,96,0.524
78,96,0.363
98,96,0.991
87,96,0.525
116,96,0.303
38,96,0.154
24,96,0.171
79,96,0.389
92,96,0.446
69,96,0.494
114,96,0.658
54,96,0.152
85,96,0.381
66,96,0.219
44,96,0.15
115,96,0.528
81,96,0.291
42,96,0.173
9,96,0.437
83,96,0.521
57,96,0.195
113,96,0.499
3,96,0.334
88,96,0.244
56,96,0.375
122,96,0.627
102,96,0.495
110,96,0.465
62,96,0.309
26,96,0.382
120,96,0.268
8,96,0.617
15,96,0.157
28,96,0.486
21,96,0.29
2,96,0.268
80,96,0.562
55,96,0.466
25,96,0.299
93,96,0.554
50,96,0.72
95,96,0.225
59,96,0.435
107,96,0.197
33,96,0.197
29,96,0.744
103,96,0.55
105,96,0.751
121,96,0.581
23,96,0.582
71,96,0.408
100,96,0.975
70,96,0.851
117,96,0.469
94,96,0.378
19,96,0.678
101,96,0.688
6,96,0.365
106,96,0.178
65,96,0.252
4,96,0.273
52,96,0.237
1,96,0.252
45,96,0.288
76,96,0.154
104,96,0.168
36,96,0.291
27,96,0.291
35,96,0.202
14,96,0.176
108,96,0.15
89,96,0.336
112,96,0.563
60,96,0.221
30,96,0.699
109,96,0.349
11,96,0.216
46,96,0.211
91,96,0.26
74,96,0.172
58,122,0.474
119,122,0.468
99,122,0.341
97,122,0.342
78,122,0.43
98,122,0.347
38,122,0.166
79,122,0.307
92,122,0.153
69,122,0.299
114,122,0.563
66,122,0.212
115,122,0.991
81,122,0.15
123,122,0.175
42,122,0.295
9,122,0.237
83,122,0.275
113,122,0.322
56,122,0.308
102,122,0.376
110,122,0.587
96,122,0.627
62,122,0.171
120,122,0.851
8,122,0.214
15,122,0.151
21,122,0.216
2,122,0.156
80,122,0.552
55,122,0.302
25,122,0.173
93,122,0.475
50,122,0.767
95,122,0.167
59,122,0.585
107,122,0.418
33,122,0.418
29,122,0.401
103,122,0.3
105,122,0.397
121,122,0.987
23,122,0.386
71,122,0.417
100,122,0.198
70,122,0.498
111,122,0.351
117,122,0.923
94,122,0.544
19,122,0.437
101,122,0.171
6,122,0.152
65,122,0.243
52,122,0.172
1,122,0.15
36,122,0.32
27,122,0.32
35,122,0.206
14,122,0.185
89,122,0.273
77,122,0.256
112,122,0.503
53,122,0.229
58,8,0.604
98,8,0.308
87,8,0.206
20,8,0.189
24,8,0.639
69,8,0.516
114,8,0.173
54,8,0.272
85,8,0.776
66,8,0.439
42,8,0.436
9,8,0.724
83,8,0.17
57,8,0.862
113,8,0.175
3,8,0.858
56,8,0.157
122,8,0.214
102,8,0.918
110,8,0.472
12,8,0.572
96,8,0.617
62,8,0.714
26,8,0.993
15,8,0.611
28,8,0.661
21,8,0.282
2,8,0.489
41,8,0.241
80,8,0.244
25,8,0.335
93,8,0.834
50,8,0.42
95,8,0.347
59,8,0.374
107,8,0.449
33,8,0.449
29,8,0.962
103,8,0.976
105,8,0.33
121,8,0.277
23,8,0.764
71,8,0.708
70,8,0.993
117,8,0.382
94,8,0.638
19,8,0.736
101,8,0.218
6,8,0.805
106,8,0.976
65,8,0.459
4,8,0.837
52,8,0.174
1,8,0.552
45,8,0.561
76,8,0.171
104,8,0.406
84,8,0.554
36,8,0.736
27,8,0.736
37,8,0.618
13,8,0.189
75,8,0.544
35,8,0.594
14,8,0.626
108,8,0.156
7,8,0.461
112,8,0.156
22,8,0.431
60,8,0.255
30,8,0.671
109,8,0.229
11,8,0.955
46,8,0.487
17,8,0.152
91,8,0.469
72,8,0.388
90,8,0.854
68,8,0.151
64,8,0.173
74,8,0.387
5,8,0.362
34,8,0.218
47,8,0.291
58,80,0.298
119,80,0.325
99,80,0.416
97,80,0.444
78,80,0.994
98,80,0.352
87,80,0.451
116,80,0.487
79,80,0.989
92,80,0.605
69,80,0.212
114,80,0.351
66,80,0.218
115,80,0.452
81,80,0.981
9,80,0.291
83,80,0.286
113,80,0.367
3,80,0.154
88,80,0.324
56,80,0.388
122,80,0.552
102,80,0.298
110,80,0.291
96,80,0.562
62,80,0.169
8,80,0.244
15,80,0.174
21,80,0.175
55,80,0.431
25,80,0.476
93,80,0.298
50,80,0.919
95,80,0.231
59,80,0.284
107,80,0.215
33,80,0.215
29,80,0.294
103,80,0.299
105,80,0.238
121,80,0.218
23,80,0.232
71,80,0.156
70,80,0.235
117,80,0.31
94,80,0.437
19,80,0.473
101,80,0.238
6,80,0.21
65,80,0.298
4,80,0.198
52,80,0.652
1,80,0.157
45,80,0.203
36,80,0.174
27,80,0.174
35,80,0.194
14,80,0.216
7,80,0.184
82,80,0.983
77,80,0.982
22,80,0.457
61,80,0.258
31,80,0.192
109,80,0.26
58,52,0.592
78,52,0.505
0,52,0.21
98,52,0.156
87,52,0.824
38,52,0.373
20,52,0.15
24,52,0.28
79,52,0.379
92,52,0.272
69,52,0.51
114,52,0.467
54,52,0.98
85,52,0.178
66,52,0.635
115,52,0.56
81,52,0.357
123,52,0.326
42,52,0.215
83,52,0.218
57,52,0.54
113,52,0.234
3,52,0.32
88,52,0.329
56,52,0.769
122,52,0.172
102,52,0.27
110,52,0.33
12,52,0.198
96,52,0.237
62,52,0.388
8,52,0.174
15,52,0.151
28,52,0.178
21,52,0.513
2,52,0.208
80,52,0.652
25,52,0.854
93,52,0.485
50,52,0.644
95,52,0.648
59,52,0.827
107,52,0.862
33,52,0.862
29,52,0.503
103,52,0.219
23,52,0.412
71,52,0.165
70,52,0.535
94,52,0.512
19,52,0.287
101,52,0.494
6,52,0.274
106,52,0.561
4,52,0.208
39,52,0.154
1,52,0.343
76,52,0.209
104,52,0.215
36,52,0.227
27,52,0.227
37,52,0.206
13,52,0.151
118,52,0.15
51,52,0.171
35,52,0.201
14,52,0.176
7,52,0.151
18,52,0.295
82,52,0.284
89,52,0.566
77,52,0.271
112,52,0.447
22,52,0.668
61,52,0.715
60,52,0.733
31,52,0.242
53,52,0.948
11,52,0.318
16,52,0.638
86,52,0.218
64,52,0.154
40,52,0.219
58,71,0.427
97,71,0.192
24,71,0.232
69,71,0.161
85,71,0.274
115,71,0.189
42,71,0.208
9,71,0.282
57,71,0.155
113,71,0.153
3,71,0.853
56,71,0.191
122,71,0.417
102,71,0.423
110,71,0.509
12,71,0.243
96,71,0.408
62,71,0.298
26,71,0.869
120,71,0.914
8,71,0.708
15,71,0.578
28,71,0.84
21,71,0.186
2,71,0.509
80,71,0.156
25,71,0.151
93,71,0.528
50,71,0.216
95,71,0.208
59,71,0.322
107,71,0.174
33,71,0.174
29,71,0.99
103,71,0.468
105,71,0.563
121,71,0.259
23,71,0.753
70,71,0.999
117,71,0.285
94,71,0.527
19,71,0.619
101,71,0.189
6,71,0.361
106,71,0.258
65,71,0.61
4,71,0.299
39,71,0.496
52,71,0.165
1,71,0.29
45,71,0.181
76,71,0.562
104,71,0.369
84,71,0.177
36,71,0.473
27,71,0.473
37,71,0.271
75,71,0.91
35,71,0.557
14,71,0.531
7,71,0.508
30,71,0.91
109,71,0.234
11,71,0.53
46,71,0.394
91,71,0.976
72,71,0.37
90,71,0.355
74,71,0.607
5,71,0.173
34,71,0.3
48,71,0.595
58,105,0.258
99,105,0.171
97,105,0.495
78,105,0.246
98,105,0.299
116,105,0.178
20,105,0.352
24,105,0.345
69,105,0.411
114,105,0.314
54,105,0.199
85,105,0.385
66,105,0.218
81,105,0.161
42,105,0.245
9,105,0.272
83,105,0.316
57,105,0.175
113,105,0.182
3,105,0.435
122,105,0.397
102,105,0.545
110,105,0.435
12,105,0.334
96,105,0.751
62,105,0.506
26,105,0.405
120,105,0.177
8,105,0.33
15,105,0.257
28,105,0.395
2,105,0.232
80,105,0.238
55,105,0.158
25,105,0.212
93,105,0.976
50,105,0.346
95,105,0.366
59,105,0.204
107,105,0.9
33,105,0.9
29,105,0.987
103,105,0.376
121,105,0.408
23,105,0.958
71,105,0.563
100,105,0.273
70,105,0.99
117,105,0.17
94,105,0.956
19,105,0.95
101,105,0.92
6,105,0.439
65,105,0.391
4,105,0.404
1,105,0.387
45,105,0.196
104,105,0.198
84,105,0.314
36,105,0.345
27,105,0.345
37,105,0.418
13,105,0.208
35,105,0.295
14,105,0.274
7,105,0.291
22,105,0.175
30,105,0.37
109,105,0.235
11,105,0.356
46,105,0.23
91,105,0.585
64,105,0.18
34,105,0.153
58,103,0.348
97,103,0.171
78,103,0.182
0,103,0.256
98,103,0.937
24,103,0.41
92,103,0.218
69,103,0.495
54,103,0.279
85,103,0.649
66,103,0.357
115,103,0.15
42,103,0.174
9,103,0.63
83,103,0.274
57,103,0.398
113,103,0.276
3,103,0.684
56,103,0.255
122,103,0.3
102,103,0.6
110,103,0.334
12,103,0.273
96,103,0.55
62,103,0.532
26,103,0.946
8,103,0.976
15,103,0.691
28,103,0.767
21,103,0.272
2,103,0.487
80,103,0.299
55,103,0.349
25,103,0.284
93,103,0.939
50,103,0.449
95,103,0.393
59,103,0.287
107,103,0.392
33,103,0.392
29,103,0.875
105,103,0.376
121,103,0.296
23,103,0.717
71,103,0.468
70,103,0.973
117,103,0.762
94,103,0.504
19,103,0.985
101,103,0.311
6,103,0.352
106,103,0.804
65,103,0.374
4,103,0.33
52,103,0.219
1,103,0.316
76,103,0.153
104,103,0.312
84,103,0.196
36,103,0.295
27,103,0.295
37,103,0.316
13,103,0.23
75,103,0.287
35,103,0.53
14,103,0.476
108,103,0.405
7,103,0.3
22,103,0.414
30,103,0.328
109,103,0.443
11,103,0.363
46,103,0.376
17,103,0.152
91,103,0.675
72,103,0.196
90,103,0.601
74,103,0.277
58,120,0.216
97,120,0.232
98,120,0.223
24,120,0.167
114,120,0.375
54,120,0.208
115,120,0.271
9,120,0.23
83,120,0.228
57,120,0.15
122,120,0.851
110,120,0.192
96,120,0.268
25,120,0.315
93,120,0.23
50,120,0.401
59,120,0.17
29,120,0.177
105,120,0.177
121,120,0.973
23,120,0.173
71,120,0.914
70,120,0.291
111,120,0.233
117,120,0.421
94,120,0.936
19,120,0.299
101,120,0.153
89,120,0.198
112,120,0.15
53,120,0.249
58,9,0.346
97,9,0.155
78,9,0.156
0,9,0.15
98,9,0.27
38,9,0.215
20,9,0.273
24,9,0.151
92,9,0.167
69,9,0.531
114,9,0.176
54,9,0.224
85,9,0.525
66,9,0.955
42,9,0.638
83,9,0.298
57,9,0.838
113,9,0.273
3,9,0.581
88,9,0.191
56,9,0.214
122,9,0.237
102,9,0.478
110,9,0.478
12,9,0.374
96,9,0.437
62,9,0.868
26,9,0.703
120,9,0.23
8,9,0.724
15,9,0.531
28,9,0.758
2,9,0.385
80,9,0.291
55,9,0.208
25,9,0.214
93,9,0.424
50,9,0.272
59,9,0.419
107,9,0.157
33,9,0.157
29,9,0.605
103,9,0.63
105,9,0.272
121,9,0.23
23,9,0.577
71,9,0.282
70,9,0.722
117,9,0.384
94,9,0.341
19,9,0.577
101,9,0.293
6,9,0.231
106,9,0.461
65,9,0.732
4,9,0.35
1,9,0.45
104,9,0.885
36,9,0.348
27,9,0.348
118,9,0.297
75,9,0.283
35,9,0.377
14,9,0.348
108,9,0.426
7,9,0.178
11,9,0.299
17,9,0.605
90,9,0.357
58,81,0.177
97,81,0.151
78,81,0.976
98,81,0.264
79,81,0.961
92,81,0.175
69,81,0.264
114,81,0.248
66,81,0.178
44,81,0.152
122,81,0.15
96,81,0.291
21,81,0.153
80,81,0.981
55,81,0.416
25,81,0.318
93,81,0.17
50,81,0.487
59,81,0.227
107,81,0.175
33,81,0.175
105,81,0.161
121,81,0.376
117,81,0.351
94,81,0.27
19,81,0.24
52,81,0.357
51,81,0.19
18,81,0.23
82,81,0.852
77,81,0.955
61,81,0.175
16,81,0.15
40,81,0.215
58,65,0.352
78,65,0.295
116,65,0.18
92,65,0.154
69,65,0.312
114,65,0.159
85,65,0.356
42,65,0.729
9,65,0.732
57,65,0.194
113,65,0.203
3,65,0.59
122,65,0.243
102,65,0.415
110,65,0.452
12,65,0.197
96,65,0.252
62,65,0.332
26,65,0.358
8,65,0.459
15,65,0.446
28,65,0.399
2,65,0.155
80,65,0.298
55,65,0.212
93,65,0.23
50,65,0.21
59,65,0.208
107,65,0.157
33,65,0.157
29,65,0.33
103,65,0.374
105,65,0.391
71,65,0.61
70,65,0.652
117,65,0.271
94,65,0.219
19,65,0.525
6,65,0.355
106,65,0.467
4,65,0.26
1,65,0.371
104,65,0.817
84,65,0.272
36,65,0.588
27,65,0.588
37,65,0.356
75,65,0.877
35,65,0.47
14,65,0.413
7,65,0.598
30,65,0.417
109,65,0.658
11,65,0.231
46,65,0.218
91,65,0.663
74,65,0.251
34,65,0.153
48,65,0.406
58,115,0.357
119,115,0.901
78,115,0.257
98,115,0.793
116,115,0.238
38,115,0.257
79,115,0.195
92,115,0.168
69,115,0.419
114,115,0.782
54,115,0.378
66,115,0.203
115,115,0.874
115,115,0.874
123,115,0.208
83,115,0.557
57,115,0.162
113,115,0.417
56,115,0.566
122,115,0.991
102,115,0.171
110,115,0.27
12,115,0.258
96,115,0.528
62,115,0.175
120,115,0.271
21,115,0.209
80,115,0.452
55,115,0.387
25,115,0.31
93,115,0.296
50,115,0.498
95,115,0.314
59,115,0.408
107,115,0.266
33,115,0.266
29,115,0.188
103,115,0.15
121,115,0.562
23,115,0.269
71,115,0.189
70,115,0.238
111,115,0.859
117,115,0.272
94,115,0.55
101,115,0.326
52,115,0.56
1,115,0.151
82,115,0.164
89,115,0.842
112,115,0.801
58,67,0.219
20,67,0.155
69,67,0.44
66,67,0.191
12,67,0.295
62,67,0.615
26,67,0.286
2,67,0.388
93,67,0.154
50,67,0.204
59,67,0.21
107,67,0.428
33,67,0.428
121,67,0.266
19,67,0.328
106,67,0.29
4,67,0.233
1,67,0.173
37,67,0.169
13,67,0.158
46,67,0.296
17,67,0.226
68,67,0.392
64,67,0.348
58,21,0.388
119,21,0.177
78,21,0.168
0,21,0.438
98,21,0.235
87,21,0.291
38,21,0.973
20,21,0.789
24,21,0.342
69,21,0.567
114,21,0.389
54,21,0.323
85,21,0.386
66,21,0.294
44,21,0.422
115,21,0.209
81,21,0.153
123,21,0.173
83,21,0.714
57,21,0.345
113,21,0.399
3,21,0.298
88,21,0.262
56,21,0.396
122,21,0.216
102,21,0.482
110,21,0.394
12,21,0.884
96,21,0.29
62,21,0.476
26,21,0.15
8,21,0.282
15,21,0.242
28,21,0.44
2,21,0.324
41,21,0.935
80,21,0.175
55,21,0.354
25,21,0.587
93,21,0.394
50,21,0.552
95,21,0.634
59,21,0.506
107,21,0.723
33,21,0.723
29,21,0.948
103,21,0.272
23,21,0.937
71,21,0.186
70,21,0.93
117,21,0.925
94,21,0.264
19,21,0.575
101,21,0.325
6,21,0.436
106,21,0.157
4,21,0.391
39,21,0.969
52,21,0.513
1,21,0.297
76,21,0.344
104,21,0.174
36,21,0.175
27,21,0.175
37,21,0.194
13,21,0.294
75,21,0.173
35,21,0.165
18,21,0.467
89,21,0.173
112,21,0.171
61,21,0.22
60,21,0.974
30,21,0.262
43,21,0.155
11,21,0.23
46,21,0.156
16,21,0.23
64,21,0.152
74,21,0.173
40,21,0.384
47,21,0.326
58,6,0.65
78,6,0.258
98,6,0.295
116,6,0.272
38,6,0.214
20,6,0.217
24,6,0.323
79,6,0.218
69,6,0.218
85,6,0.151
66,6,0.26
44,6,0.282
123,6,0.153
42,6,0.574
9,6,0.231
57,6,0.235
113,6,0.258
3,6,0.529
122,6,0.152
102,6,0.992
110,6,0.737
12,6,0.272
96,6,0.365
62,6,0.467
26,6,0.801
8,6,0.805
15,6,0.58
28,6,0.455
21,6,0.436
2,6,0.356
80,6,0.21
55,6,0.21
25,6,0.193
93,6,0.299
50,6,0.359
95,6,0.215
59,6,0.355
107,6,0.677
33,6,0.677
29,6,0.816
103,6,0.352
105,6,0.439
23,6,0.517
71,6,0.361
70,6,0.746
111,6,0.173
117,6,0.191
94,6,0.15
19,6,0.318
106,6,0.326
65,6,0.355
4,6,0.919
52,6,0.274
1,6,0.809
45,6,0.195
76,6,0.175
104,6,0.436
84,6,0.906
36,6,0.948
27,6,0.948
37,6,0.848
13,6,0.599
75,6,0.397
35,6,0.72
14,6,0.834
7,6,0.661
18,6,0.166
61,6,0.153
30,6,0.238
109,6,0.174
11,6,0.942
46,6,0.71
91,6,0.386
72,6,0.234
90,6,0.218
68,6,0.191
64,6,0.176
74,6,0.382
5,6,0.852
34,6,0.262
47,6,0.601
48,6,0.257
58,106,0.386
87,106,0.188
20,106,0.164
24,106,0.15
79,106,0.243
69,106,0.462
114,106,0.188
85,106,0.947
66,106,0.49
123,106,0.33
42,106,0.506
9,106,0.461
57,106,0.416
113,106,0.269
3,106,0.413
102,106,0.698
110,106,0.36
12,106,0.399
96,106,0.178
62,106,0.679
26,106,0.793
8,106,0.976
15,106,0.298
28,106,0.805
21,106,0.157
2,106,0.33
25,106,0.356
93,106,0.4
50,106,0.257
95,106,0.172
59,106,0.368
107,106,0.391
33,106,0.391
29,106,0.445
103,106,0.804
23,106,0.209
71,106,0.258
100,106,0.161
70,106,0.646
94,106,0.17
19,106,0.313
6,106,0.326
65,106,0.467
4,106,0.445
52,106,0.561
1,106,0.52
104,106,0.805
84,106,0.271
36,106,0.434
27,106,0.434
37,106,0.571
13,106,0.273
67,106,0.29
75,106,0.557
35,106,0.293
14,106,0.272
7,106,0.274
89,106,0.255
112,106,0.255
30,106,0.423
11,106,0.627
46,106,0.298
16,106,0.175
91,106,0.155
72,106,0.15
90,106,0.242
68,106,0.203
47,106,0.178
58,60,0.3
119,60,0.218
0,60,0.443
116,60,0.322
38,60,0.439
69,60,0.362
54,60,0.274
42,60,0.493
57,60,0.958
88,60,0.24
56,60,0.413
110,60,0.272
12,60,0.173
96,60,0.221
62,60,0.261
8,60,0.255
15,60,0.167
21,60,0.974
2,60,0.298
25,60,0.69
93,60,0.513
50,60,0.296
95,60,0.356
59,60,0.859
107,60,0.975
33,60,0.975
29,60,0.255
23,60,0.462
70,60,0.237
117,60,0.265
94,60,0.258
19,60,0.414
4,60,0.937
52,60,0.733
104,60,0.253
51,60,0.298
18,60,0.211
22,60,0.15
61,60,0.874
11,60,0.9
16,60,0.976
68,60,0.409
40,60,0.15
58,66,0.516
78,66,0.274
98,66,0.154
38,66,0.671
20,66,0.505
79,66,0.173
69,66,0.752
114,66,0.261
85,66,0.535
115,66,0.203
81,66,0.178
42,66,0.31
9,66,0.955
83,66,0.154
57,66,0.822
113,66,0.393
3,66,0.479
88,66,0.151
56,66,0.386
122,66,0.212
102,66,0.365
110,66,0.593
12,66,0.561
96,66,0.219
62,66,0.936
26,66,0.321
8,66,0.439
15,66,0.299
28,66,0.675
21,66,0.294
2,66,0.262
80,66,0.218
25,66,0.33
93,66,0.756
50,66,0.386
95,66,0.53
59,66,0.607
107,66,0.3
33,66,0.3
29,66,0.53
103,66,0.357
105,66,0.218
23,66,0.657
70,66,0.457
94,66,0.281
19,66,0.349
6,66,0.26
106,66,0.49
4,66,0.218
39,66,0.194
52,66,0.635
1,66,0.31
104,66,0.749
36,66,0.208
27,66,0.208
37,66,0.278
118,66,0.284
67,66,0.191
35,66,0.213
14,66,0.272
108,66,0.664
7,66,0.209
18,66,0.353
89,66,0.15
112,66,0.247
61,66,0.152
30,66,0.164
11,66,0.301
46,66,0.647
63,66,0.457
17,66,0.729
91,66,0.15
68,66,0.57
64,66,0.852
40,66,0.243
48,66,0.178
58,104,0.416
97,104,0.163
78,104,0.161
98,104,0.26
20,104,0.168
69,104,0.455
85,104,0.597
66,104,0.749
42,104,0.483
9,104,0.885
83,104,0.166
57,104,0.393
113,104,0.316
3,104,0.572
102,104,0.544
110,104,0.271
12,104,0.916
96,104,0.168
62,104,0.395
26,104,0.376
8,104,0.406
15,104,0.291
28,104,0.432
21,104,0.174
2,104,0.208
41,104,0.524
25,104,0.37
93,104,0.754
95,104,0.248
59,104,0.464
107,104,0.651
33,104,0.651
29,104,0.257
103,104,0.312
105,104,0.198
71,104,0.369
70,104,0.414
19,104,0.271
6,104,0.436
106,104,0.805
65,104,0.817
4,104,0.296
52,104,0.215
1,104,0.594
84,104,0.266
36,104,0.385
27,104,0.385
37,104,0.272
13,104,0.21
75,104,0.475
35,104,0.397
14,104,0.203
7,104,0.172
18,104,0.234
22,104,0.257
61,104,0.451
60,104,0.253
109,104,0.168
11,104,0.329
46,104,0.368
91,104,0.171
90,104,0.174
47,104,0.172
48,104,0.153
58,79,0.151
78,79,0.992
87,79,0.152
116,79,0.154
92,79,0.312
69,79,0.165
66,79,0.173
115,79,0.195
81,79,0.961
113,79,0.193
88,79,0.233
56,79,0.311
122,79,0.307
102,79,0.259
96,79,0.389
80,79,0.989
55,79,0.152
25,79,0.284
50,79,0.529
59,79,0.195
117,79,0.35
94,79,0.173
19,79,0.235
101,79,0.151
6,79,0.218
106,79,0.243
52,79,0.379
1,79,0.151
82,79,0.937
77,79,0.982
22,79,0.174
31,79,0.549
58,78,0.273
119,78,0.162
98,78,0.214
87,78,0.274
116,78,0.23
38,78,0.211
79,78,0.992
92,78,0.504
69,78,0.256
114,78,0.208
66,78,0.274
115,78,0.257
81,78,0.976
9,78,0.156
83,78,0.2
113,78,0.382
88,78,0.298
56,78,0.329
122,78,0.43
102,78,0.311
110,78,0.151
96,78,0.363
21,78,0.168
80,78,0.994
55,78,0.236
25,78,0.406
93,78,0.172
50,78,0.716
95,78,0.208
59,78,0.291
107,78,0.208
33,78,0.208
29,78,0.208
103,78,0.182
105,78,0.246
23,78,0.17
70,78,0.256
117,78,0.275
94,78,0.209
19,78,0.371
101,78,0.269
6,78,0.258
65,78,0.295
52,78,0.505
1,78,0.178
104,78,0.161
36,78,0.394
27,78,0.394
35,78,0.157
14,78,0.151
7,78,0.154
18,78,0.196
82,78,0.965
77,78,0.98
22,78,0.355
61,78,0.208
31,78,0.182
40,78,0.15
58,45,0.274
116,45,0.151
20,45,0.19
24,45,0.259
69,45,0.152
42,45,0.209
83,45,0.26
57,45,0.272
113,45,0.352
102,45,0.361
110,45,0.752
12,45,0.153
96,45,0.288
62,45,0.169
8,45,0.561
15,45,0.168
28,45,0.473
2,45,0.261
80,45,0.203
25,45,0.387
93,45,0.577
50,45,0.572
59,45,0.196
29,45,0.544
105,45,0.196
23,45,0.478
71,45,0.181
70,45,0.437
19,45,0.23
101,45,0.441
6,45,0.195
4,45,0.153
1,45,0.574
76,45,0.3
36,45,0.172
27,45,0.172
13,45,0.153
30,45,0.562
46,45,0.541
32,45,0.166
40,45,0.174
34,45,0.582
58,40,0.234
78,40,0.15
38,40,0.227
20,40,0.77
69,40,0.157
66,40,0.243
44,40,0.15
81,40,0.215
3,40,0.272
88,40,0.423
102,40,0.208
12,40,0.755
62,40,0.171
15,40,0.151
21,40,0.384
41,40,0.862
25,40,0.258
95,40,0.194
59,40,0.274
107,40,0.681
33,40,0.681
4,40,0.238
52,40,0.219
1,40,0.174
45,40,0.174
76,40,0.155
13,40,0.271
51,40,0.274
18,40,0.975
61,40,0.188
60,40,0.15
43,40,0.71
11,40,0.152
16,40,0.271
74,40,0.456
58,18,0.26
78,18,0.196
98,18,0.152
116,18,0.281
38,18,0.546
20,18,0.651
69,18,0.153
66,18,0.353
44,18,0.196
81,18,0.23
83,18,0.15
57,18,0.156
113,18,0.302
3,18,0.354
88,18,0.284
102,18,0.257
12,18,0.743
62,18,0.209
15,18,0.273
21,18,0.467
41,18,0.864
25,18,0.36
93,18,0.153
50,18,0.152
95,18,0.328
59,18,0.294
107,18,0.725
33,18,0.725
19,18,0.15
6,18,0.166
4,18,0.152
52,18,0.295
1,18,0.163
76,18,0.21
104,18,0.234
13,18,0.299
51,18,0.36
35,18,0.176
61,18,0.328
60,18,0.211
43,18,0.73
11,18,0.151
46,18,0.172
16,18,0.293
72,18,0.218
74,18,0.548
40,18,0.975
58,16,0.242
0,16,0.391
69,16,0.168
54,16,0.273
81,16,0.15
42,16,0.441
57,16,0.849
88,16,0.176
62,16,0.207
21,16,0.23
2,16,0.195
25,16,0.66
95,16,0.344
59,16,0.7
107,16,0.962
33,16,0.962
23,16,0.155
19,16,0.208
106,16,0.175
4,16,0.26
52,16,0.638
1,16,0.218
13,16,0.154
51,16,0.41
18,16,0.293
22,16,0.169
61,16,0.912
60,16,0.976
53,16,0.154
74,16,0.158
40,16,0.271
34,16,0.388
58,37,0.493
87,37,0.194
38,37,0.178
24,37,0.218
69,37,0.15
85,37,0.151
66,37,0.278
42,37,0.384
113,37,0.209
3,37,0.672
102,37,0.89
110,37,0.505
12,37,0.313
62,37,0.552
26,37,0.468
8,37,0.618
15,37,0.479
28,37,0.388
21,37,0.194
2,37,0.384
25,37,0.151
93,37,0.273
50,37,0.211
95,37,0.175
59,37,0.172
107,37,0.153
33,37,0.153
29,37,0.456
103,37,0.316
105,37,0.418
71,37,0.271
70,37,0.41
19,37,0.204
6,37,0.848
106,37,0.571
65,37,0.356
4,37,0.829
52,37,0.206
1,37,0.796
104,37,0.272
84,37,0.8
36,37,0.891
27,37,0.891
13,37,0.667
67,37,0.169
75,37,0.642
35,37,0.592
14,37,0.757
7,37,0.65
30,37,0.469
109,37,0.17
11,37,0.824
46,37,0.789
91,37,0.292
72,37,0.271
90,37,0.218
68,37,0.293
64,37,0.476
74,37,0.272
5,37,0.845
47,37,0.667
48,37,0.19
58,42,0.98
119,42,0.156
0,42,0.454
20,42,0.175
69,42,0.932
85,42,0.281
66,42,0.31
9,42,0.638
57,42,0.695
113,42,0.284
3,42,0.509
122,42,0.295
102,42,0.652
110,42,0.957
12,42,0.154
96,42,0.173
62,42,0.587
26,42,0.366
8,42,0.436
15,42,0.63
28,42,0.35
2,42,0.342
55,42,0.173
25,42,0.319
93,42,0.321
50,42,0.309
59,42,0.984
107,42,0.511
33,42,0.511
29,42,0.311
103,42,0.174
105,42,0.245
71,42,0.208
70,42,0.459
19,42,0.192
6,42,0.574
106,42,0.506
65,42,0.729
4,42,0.583
52,42,0.215
1,42,0.58
45,42,0.209
104,42,0.483
84,42,0.463
36,42,0.575
27,42,0.575
37,42,0.384
13,42,0.239
75,42,0.439
35,42,0.668
14,42,0.775
7,42,0.786
61,42,0.441
60,42,0.493
30,42,0.246
11,42,0.442
46,42,0.351
63,42,0.76
16,42,0.441
91,42,0.172
72,42,0.191
68,42,0.343
74,42,0.235
5,42,0.21
47,42,0.311
48,42,0.154
58,85,0.241
38,85,0.212
20,85,0.217
24,85,0.631
69,85,0.274
54,85,0.265
66,85,0.535
123,85,0.53
42,85,0.281
9,85,0.525
83,85,0.461
57,85,0.512
113,85,0.319
3,85,0.692
88,85,0.461
56,85,0.229
102,85,0.421
110,85,0.316
12,85,0.6
96,85,0.381
62,85,0.64
26,85,0.639
8,85,0.776
15,85,0.162
28,85,0.874
21,85,0.386
2,85,0.3
41,85,0.283
25,85,0.402
93,85,0.427
50,85,0.446
95,85,0.371
59,85,0.269
107,85,0.155
33,85,0.155
29,85,0.796
103,85,0.649
105,85,0.385
121,85,0.255
23,85,0.591
71,85,0.274
70,85,0.864
117,85,0.293
94,85,0.445
19,85,0.685
101,85,0.369
6,85,0.151
106,85,0.947
65,85,0.356
4,85,0.33
52,85,0.178
1,85,0.375
76,85,0.425
104,85,0.597
84,85,0.266
36,85,0.194
27,85,0.194
37,85,0.151
14,85,0.151
108,85,0.757
30,85,0.588
11,85,0.325
46,85,0.365
17,85,0.196
91,85,0.196
72,85,0.209
74,85,0.463
58,41,0.155
38,41,0.651
20,41,0.907
24,41,0.209
114,41,0.157
85,41,0.283
83,41,0.439
57,41,0.257
113,41,0.296
3,41,0.157
102,41,0.172
12,41,0.888
62,41,0.23
26,41,0.172
8,41,0.241
28,41,0.209
21,41,0.935
2,41,0.209
25,41,0.273
93,41,0.29
50,41,0.297
95,41,0.343
59,41,0.207
107,41,0.214
33,41,0.214
29,41,0.332
23,41,0.359
70,41,0.271
19,41,0.281
101,41,0.152
4,41,0.271
39,41,0.33
1,41,0.217
76,41,0.15
104,41,0.524
36,41,0.156
27,41,0.156
13,41,0.357
75,41,0.151
18,41,0.864
43,41,0.539
11,41,0.196
40,41,0.862
58,88,0.183
99,88,0.23
97,88,0.209
78,88,0.298
0,88,0.343
98,88,0.194
38,88,0.217
24,88,0.271
79,88,0.233
92,88,0.759
54,88,0.494
85,88,0.461
66,88,0.151
44,88,0.17
123,88,0.17
9,88,0.191
83,88,0.761
57,88,0.287
113,88,0.152
3,88,0.207
56,88,0.299
102,88,0.172
12,88,0.21
96,88,0.244
62,88,0.165
28,88,0.211
21,88,0.262
80,88,0.324
55,88,0.151
25,88,0.475
93,88,0.32
50,88,0.324
95,88,0.35
59,88,0.212
107,88,0.476
33,88,0.476
29,88,0.577
23,88,0.298
70,88,0.25
94,88,0.698
19,88,0.637
101,88,0.35
52,88,0.329
1,88,0.157
51,88,0.154
18,88,0.284
82,88,0.174
77,88,0.151
60,88,0.24
16,88,0.176
40,88,0.423
58,68,0.344
20,68,0.259
69,68,0.62
66,68,0.57
42,68,0.343
3,68,0.259
102,68,0.217
110,68,0.469
12,68,0.358
62,68,0.909
26,68,0.208
8,68,0.151
15,68,0.263
28,68,0.168
2,68,0.744
93,68,0.413
59,68,0.553
6,68,0.191
106,68,0.203
4,68,0.281
1,68,0.298
84,68,0.217
36,68,0.202
27,68,0.202
37,68,0.293
13,68,0.212
67,68,0.392
35,68,0.157
14,68,0.164
60,68,0.409
46,68,0.323
63,68,0.661
64,68,0.834
5,68,0.151
48,68,0.177
58,61,0.153
78,61,0.208
0,61,0.391
66,61,0.152
81,61,0.175
42,61,0.441
57,61,0.728
3,61,0.28
102,61,0.175
21,61,0.22
80,61,0.258
25,61,0.597
50,61,0.274
95,61,0.207
59,61,0.595
107,61,0.924
33,61,0.924
94,61,0.23
19,61,0.154
6,61,0.153
4,61,0.23
52,61,0.715
1,61,0.627
104,61,0.451
36,61,0.151
27,61,0.151
51,61,0.274
35,61,0.332
18,61,0.328
22,61,0.32
60,61,0.874
11,61,0.21
16,61,0.912
40,61,0.188
58,87,0.157
78,87,0.274
0,87,0.832
38,87,0.153
24,87,0.217
79,87,0.152
92,87,0.218
69,87,0.403
114,87,0.255
54,87,0.388
83,87,0.296
56,87,0.921
102,87,0.151
96,87,0.525
8,87,0.206
28,87,0.31
21,87,0.291
80,87,0.451
25,87,0.505
93,87,0.15
50,87,0.411
95,87,0.152
59,87,0.22
107,87,0.364
33,87,0.364
29,87,0.424
23,87,0.23
100,87,0.171
70,87,0.272
19,87,0.176
106,87,0.188
52,87,0.824
37,87,0.194
82,87,0.23
89,87,0.32
112,87,0.323
22,87,0.659
31,87,0.325
30,87,0.282
53,87,0.386
34,87,0.203
58,75,0.33
20,75,0.163
69,75,0.158
44,75,0.169
42,75,0.439
9,75,0.283
3,75,0.648
102,75,0.41
110,75,0.457
12,75,0.216
62,75,0.238
26,75,0.58
8,75,0.544
15,75,0.505
28,75,0.271
21,75,0.173
2,75,0.273
41,75,0.151
25,75,0.152
93,75,0.38
50,75,0.171
59,75,0.216
107,75,0.216
33,75,0.216
29,75,0.32
103,75,0.287
71,75,0.91
70,75,0.807
117,75,0.151
94,75,0.258
19,75,0.249
6,75,0.397
106,75,0.557
65,75,0.877
4,75,0.33
1,75,0.329
76,75,0.274
104,75,0.475
84,75,0.299
36,75,0.385
27,75,0.385
37,75,0.642
35,75,0.477
14,75,0.479
7,75,0.656
30,75,0.907
11,75,0.597
46,75,0.426
91,75,0.793
72,75,0.272
74,75,0.39
5,75,0.157
34,75,0.217
48,75,0.625
58,91,0.287
98,91,0.322
85,91,0.196
66,91,0.15
42,91,0.172
83,91,0.175
3,91,0.555
102,91,0.513
110,91,0.312
96,91,0.26
62,91,0.157
26,91,0.857
8,91,0.469
15,91,0.559
28,91,0.372
93,91,0.375
29,91,0.735
103,91,0.675
105,91,0.585
23,91,0.348
71,91,0.976
70,91,0.909
111,91,0.15
94,91,0.215
19,91,0.348
6,91,0.386
106,91,0.155
65,91,0.663
4,91,0.388
1,91,0.292
76,91,0.196
104,91,0.171
84,91,0.326
36,91,0.388
27,91,0.388
37,91,0.292
13,91,0.171
75,91,0.793
35,91,0.312
14,91,0.356
7,91,0.342
22,91,0.257
30,91,0.744
109,91,0.489
11,91,0.525
46,91,0.283
72,91,0.271
90,91,0.775
74,91,0.251
5,91,0.211
34,91,0.21
48,91,0.533
58,100,0.272
99,100,0.641
97,100,0.169
98,100,0.694
87,100,0.171
69,100,0.184
113,100,0.234
122,100,0.198
96,100,0.975
93,100,0.219
29,100,0.363
105,100,0.273
121,100,0.284
23,100,0.244
70,100,0.372
117,100,0.15
101,100,0.175
106,100,0.161
30,100,0.173
58,39,0.156
116,39,0.15
38,39,0.983
20,39,0.409
66,39,0.194
83,39,0.329
57,39,0.188
113,39,0.3
102,39,0.157
12,39,0.435
62,39,0.189
26,39,0.188
21,39,0.969
2,39,0.32
41,39,0.33
55,39,0.467
93,39,0.16
50,39,0.481
95,39,0.227
59,39,0.171
107,39,0.196
33,39,0.196
121,39,0.273
23,39,0.172
71,39,0.496
70,39,0.269
19,39,0.196
101,39,0.243
52,39,0.154
76,39,0.202
108,39,0.163
43,39,0.152
58,28,0.544
0,28,0.354
87,28,0.31
38,28,0.268
20,28,0.21
24,28,0.919
69,28,0.444
54,28,0.209
85,28,0.874
66,28,0.675
123,28,0.386
42,28,0.35
9,28,0.758
83,28,0.34
57,28,0.723
113,28,0.303
3,28,0.714
88,28,0.211
56,28,0.506
102,28,0.649
110,28,0.433
12,28,0.293
96,28,0.486
62,28,0.692
26,28,0.638
8,28,0.661
15,28,0.329
21,28,0.44
2,28,0.401
41,28,0.209
55,28,0.156
25,28,0.575
93,28,0.436
50,28,0.325
95,28,0.327
59,28,0.445
107,28,0.17
33,28,0.17
29,28,0.965
103,28,0.767
105,28,0.395
23,28,0.884
71,28,0.84
70,28,0.745
94,28,0.473
19,28,0.676
101,28,0.208
6,28,0.455
106,28,0.805
65,28,0.399
4,28,0.639
52,28,0.178
1,28,0.576
45,28,0.473
76,28,0.3
104,28,0.432
84,28,0.463
36,28,0.388
27,28,0.388
37,28,0.388
13,28,0.272
75,28,0.271
35,28,0.388
14,28,0.299
108,28,0.688
7,28,0.299
22,28,0.453
31,28,0.583
30,28,0.472
109,28,0.202
11,28,0.795
46,28,0.615
17,28,0.23
91,28,0.372
72,28,0.292
90,28,0.24
68,28,0.168
74,28,0.525
5,28,0.23
34,28,0.701
58,24,0.151
0,24,0.443
87,24,0.217
38,24,0.172
69,24,0.239
54,24,0.422
85,24,0.631
9,24,0.151
83,24,0.532
57,24,0.23
3,24,0.621
88,24,0.271
56,24,0.458
102,24,0.396
12,24,0.219
96,24,0.171
62,24,0.273
26,24,0.457
120,24,0.167
8,24,0.639
15,24,0.356
28,24,0.919
21,24,0.342
2,24,0.388
41,24,0.209
25,24,0.634
93,24,0.274
50,24,0.176
95,24,0.355
59,24,0.173
107,24,0.319
33,24,0.319
29,24,0.931
103,24,0.41
105,24,0.345
23,24,0.795
71,24,0.232
70,24,0.713
117,24,0.233
94,24,0.488
19,24,0.592
101,24,0.157
6,24,0.323
106,24,0.15
4,24,0.467
52,24,0.28
1,24,0.397
45,24,0.259
76,24,0.41
84,24,0.209
36,24,0.343
27,24,0.343
37,24,0.218
35,24,0.271
14,24,0.218
108,24,0.174
7,24,0.333
89,24,0.216
22,24,0.832
31,24,0.91
30,24,0.173
11,24,0.702
46,24,0.396
86,24,0.209
72,24,0.154
74,24,0.299
5,24,0.17
32,24,0.211
58,109,0.257
97,109,0.151
116,109,0.291
83,109,0.224
113,109,0.227
3,109,0.389
102,109,0.218
110,109,0.243
96,109,0.349
62,109,0.151
8,109,0.229
15,109,0.422
28,109,0.202
2,109,0.179
80,109,0.26
55,109,0.15
93,109,0.287
95,109,0.195
107,109,0.177
33,109,0.177
29,109,0.349
103,109,0.443
105,109,0.235
71,109,0.234
70,109,0.395
111,109,0.328
117,109,0.643
19,109,0.833
6,109,0.174
65,109,0.658
4,109,0.274
1,109,0.173
104,109,0.168
36,109,0.172
27,109,0.172
37,109,0.17
35,109,0.33
14,109,0.358
108,109,0.618
7,109,0.175
11,109,0.315
91,109,0.489
48,109,0.21
58,63,0.741
69,63,0.748
66,63,0.457
42,63,0.76
113,63,0.15
102,63,0.181
110,63,0.761
62,63,0.744
2,63,0.152
59,63,0.688
1,63,0.157
35,63,0.177
46,63,0.172
68,63,0.661
64,63,0.742
58,73,0.314
99,73,0.176
0,73,0.284
98,73,0.3
20,73,0.649
54,73,0.388
44,73,0.446
123,73,0.448
83,73,0.3
57,73,0.154
3,73,0.779
56,73,0.157
102,73,0.22
110,73,0.209
12,73,0.359
62,73,0.452
26,73,0.172
15,73,0.53
2,73,0.913
25,73,0.837
93,73,0.385
95,73,0.48
59,73,0.15
107,73,0.341
33,73,0.341
29,73,0.362
23,73,0.259
70,73,0.447
117,73,0.153
94,73,0.264
19,73,0.369
101,73,0.172
4,73,0.532
1,73,0.401
76,73,0.268
84,73,0.309
36,73,0.178
27,73,0.178
13,73,0.258
51,73,0.386
35,73,0.604
14,73,0.626
7,73,0.453
89,73,0.409
30,73,0.276
11,73,0.284
46,73,0.195
72,73,0.844
64,73,0.155
74,73,0.77
47,73,0.162
48,73,0.203
58,53,0.153
87,53,0.386
69,53,0.341
54,53,0.819
56,53,0.398
122,53,0.229
62,53,0.208
120,53,0.249
25,53,0.215
95,53,0.228
59,53,0.292
107,53,0.296
33,53,0.296
70,53,0.284
117,53,0.233
52,53,0.948
16,53,0.154
58,5,0.274
24,5,0.17
42,5,0.21
3,5,0.33
102,5,0.846
110,5,0.177
12,5,0.155
62,5,0.292
26,5,0.475
8,5,0.362
15,5,0.326
28,5,0.23
2,5,0.31
29,5,0.526
71,5,0.173
70,5,0.329
6,5,0.852
4,5,0.927
1,5,0.885
84,5,0.854
36,5,0.814
27,5,0.814
37,5,0.845
13,5,0.735
75,5,0.157
35,5,0.261
14,5,0.414
7,5,0.234
11,5,0.903
46,5,0.344
91,5,0.211
72,5,0.297
90,5,0.384
68,5,0.151
74,5,0.172
47,5,0.831
48,5,0.175
58,90,0.349
98,90,0.326
9,90,0.357
3,90,0.181
102,90,0.32
26,90,0.924
8,90,0.854
15,90,0.407
28,90,0.24
2,90,0.151
93,90,0.517
29,90,0.504
103,90,0.601
121,90,0.151
23,90,0.426
71,90,0.355
70,90,0.655
94,90,0.176
6,90,0.218
106,90,0.242
4,90,0.384
1,90,0.384
104,90,0.174
84,90,0.218
36,90,0.218
27,90,0.218
37,90,0.218
14,90,0.218
22,90,0.389
11,90,0.384
91,90,0.775
5,90,0.384
34,90,0.238
47,90,0.384
119,97,0.222
99,97,0.931
0,97,0.191
98,97,0.29
69,97,0.171
114,97,0.369
54,97,0.183
81,97,0.151
123,97,0.202
9,97,0.155
83,97,0.358
113,97,0.157
88,97,0.209
122,97,0.342
12,97,0.207
96,97,0.524
120,97,0.232
80,97,0.444
25,97,0.347
93,97,0.367
50,97,0.401
95,97,0.269
107,97,0.23
33,97,0.23
29,97,0.169
103,97,0.171
105,97,0.495
121,97,0.194
23,97,0.155
71,97,0.192
100,97,0.169
70,97,0.211
117,97,0.194
94,97,0.282
19,97,0.333
101,97,0.325
1,97,0.19
104,97,0.163
89,97,0.194
30,97,0.193
109,97,0.151
119,116,0.216
78,116,0.23
98,116,0.156
38,116,0.197
79,116,0.154
92,116,0.31
115,116,0.238
83,116,0.769
57,116,0.161
113,116,0.904
56,116,0.15
96,116,0.303
80,116,0.487
55,116,0.979
93,116,0.151
50,116,0.904
105,116,0.178
19,116,0.265
101,116,0.747
6,116,0.272
65,116,0.18
39,116,0.15
1,116,0.155
45,116,0.151
36,116,0.155
27,116,0.155
18,116,0.281
82,116,0.15
60,116,0.322
109,116,0.291
119,43,0.203
38,43,0.184
20,43,0.351
12,43,0.563
21,43,0.155
41,43,0.539
50,43,0.18
107,43,0.178
33,43,0.178
39,43,0.152
36,43,0.218
27,43,0.218
13,43,0.258
18,43,0.73
82,43,0.258
17,43,0.178
40,43,0.71
48,43,0.178
99,121,0.177
97,121,0.194
0,121,0.209
98,121,0.403
69,121,0.262
114,121,0.272
54,121,0.237
85,121,0.255
115,121,0.562
81,121,0.376
9,121,0.23
83,121,0.319
3,121,0.278
56,121,0.268
122,121,0.987
102,121,0.264
110,121,0.337
96,121,0.581
62,121,0.245
26,121,0.236
120,121,0.973
8,121,0.277
15,121,0.206
2,121,0.153
80,121,0.218
25,121,0.22
93,121,0.239
50,121,0.41
107,121,0.233
33,121,0.233
29,121,0.495
103,121,0.296
105,121,0.408
23,121,0.403
71,121,0.259
100,121,0.284
70,121,0.598
111,121,0.435
117,121,0.936
94,121,0.962
19,121,0.495
101,121,0.316
39,121,0.273
67,121,0.266
35,121,0.211
89,121,0.222
112,121,0.155
90,121,0.151
99,112,0.322
98,112,0.778
87,112,0.323
38,112,0.235
69,112,0.16
114,112,0.996
66,112,0.247
115,112,0.801
123,112,0.284
122,112,0.503
110,112,0.276
12,112,0.316
96,112,0.563
120,112,0.15
8,112,0.156
21,112,0.171
55,112,0.431
25,112,0.512
50,112,0.277
59,112,0.151
107,112,0.349
33,112,0.349
121,112,0.155
111,112,0.343
117,112,0.22
94,112,0.217
106,112,0.255
52,112,0.447
89,112,0.908
78,82,0.965
87,82,0.23
116,82,0.15
79,82,0.937
92,82,0.384
114,82,0.173
115,82,0.164
81,82,0.852
88,82,0.174
56,82,0.155
80,82,0.983
55,82,0.218
25,82,0.179
50,82,0.599
117,82,0.153
94,82,0.153
19,82,0.174
52,82,0.284
36,82,0.235
27,82,0.235
77,82,0.923
22,82,0.296
43,82,0.258
78,77,0.98
79,77,0.982
92,77,0.23
114,77,0.234
81,77,0.955
113,77,0.153
88,77,0.151
122,77,0.256
80,77,0.982
55,77,0.161
25,77,0.209
50,77,0.33
59,77,0.179
117,77,0.153
19,77,0.176
52,77,0.271
82,77,0.923
78,22,0.355
87,22,0.659
24,22,0.832
79,22,0.174
92,22,0.157
114,22,0.15
56,22,0.529
102,22,0.175
8,22,0.431
28,22,0.453
80,22,0.457
25,22,0.384
50,22,0.48
107,22,0.344
33,22,0.344
29,22,0.706
103,22,0.414
105,22,0.175
23,22,0.31
70,22,0.328
94,22,0.326
19,22,0.179
52,22,0.668
104,22,0.257
51,22,0.151
82,22,0.296
61,22,0.32
60,22,0.15
31,22,0.698
16,22,0.169
91,22,0.257
90,22,0.389
32,22,0.211
78,92,0.504
98,92,0.307
87,92,0.218
116,92,0.31
79,92,0.312
115,92,0.168
81,92,0.175
9,92,0.167
83,92,0.31
113,92,0.346
88,92,0.759
56,92,0.232
122,92,0.153
110,92,0.182
96,92,0.446
80,92,0.605
55,92,0.259
25,92,0.156
93,92,0.15
50,92,0.386
29,92,0.209
103,92,0.218
23,92,0.15
70,92,0.261
117,92,0.151
94,92,0.154
19,92,0.219
101,92,0.237
65,92,0.154
52,92,0.272
82,92,0.384
77,92,0.23
22,92,0.157
30,92,0.206
78,31,0.182
0,31,0.22
87,31,0.325
24,31,0.91
79,31,0.549
56,31,0.57
28,31,0.583
80,31,0.192
25,31,0.357
50,31,0.217
107,31,0.211
33,31,0.211
29,31,0.521
23,31,0.326
70,31,0.177
19,31,0.153
52,31,0.242
1,31,0.176
22,31,0.698
86,31,0.287
32,31,0.211
10,31,0.176
98,111,0.21
114,111,0.479
115,111,0.859
122,111,0.351
110,111,0.404
120,111,0.233
25,111,0.238
93,111,0.24
121,111,0.435
117,111,0.53
94,111,0.991
6,111,0.173
89,111,0.466
112,111,0.343
109,111,0.328
91,111,0.15
87,34,0.203
20,34,0.155
69,34,0.34
56,34,0.188
102,34,0.176
26,34,0.238
8,34,0.218
15,34,0.152
28,34,0.701
93,34,0.173
95,34,0.152
29,34,0.657
105,34,0.153
23,34,0.36
71,34,0.3
70,34,0.461
101,34,0.218
6,34,0.262
65,34,0.153
1,34,0.151
45,34,0.582
76,34,0.26
36,34,0.164
27,34,0.164
75,34,0.217
7,34,0.217
16,34,0.388
91,34,0.21
90,34,0.238
38,118,0.151
66,118,0.284
9,118,0.297
57,118,0.31
56,118,0.182
62,118,0.15
50,118,0.19
59,118,0.172
23,118,0.214
52,118,0.15
17,118,0.173
38,108,0.505
20,108,0.208
24,108,0.174
85,108,0.757
66,108,0.664
123,108,0.208
9,108,0.426
57,108,0.577
3,108,0.154
56,108,0.215
12,108,0.218
96,108,0.15
62,108,0.358
8,108,0.156
28,108,0.688
2,108,0.151
25,108,0.21
93,108,0.293
59,108,0.17
29,108,0.476
103,108,0.405
23,108,0.479
70,108,0.281
117,108,0.466
94,108,0.217
19,108,0.88
39,108,0.163
1,108,0.296
76,108,0.23
109,108,0.618
17,108,0.912
38,17,0.151
20,17,0.209
85,17,0.196
66,17,0.729
9,17,0.605
57,17,0.473
56,17,0.21
62,17,0.671
8,17,0.152
28,17,0.23
25,17,0.18
107,17,0.226
33,17,0.226
29,17,0.388
103,17,0.152
23,17,0.412
70,17,0.196
19,17,0.388
118,17,0.173
67,17,0.226
108,17,0.912
43,17,0.178
48,17,0.178
24,86,0.209
83,86,0.464
56,86,0.176
25,86,0.509
59,86,0.636
101,86,0.406
52,86,0.218
31,86,0.287
10,86,0.23
24,32,0.211
2,32,0.193
107,32,0.211
33,32,0.211
29,32,0.421
23,32,0.447
19,32,0.157
45,32,0.166
22,32,0.211
31,32,0.211
3,49,0.201
15,49,0.23
35,49,0.239
25,10,0.176
31,10,0.176
86,10,0.23
